Workbook

Sheet Data
A1: Pokémon | B1: Lvl. | C1: Type | D1: Berries | E1: Ingredient Level 1 | F1: Ingredient Level 30 | G1: Ingredient Level 60 | H1: Skill Level 10 | I1: Skill Level25 | J1: Skill Level 50 | K1: Skill Level 75 | L1: Skill Level 100 | M1: Nature | N1: Nature Positives | O1: Nature Negatives | P1: Berry Score | Q1: Ingredient Score | R1: Skill Score | S1: Team | T1: Totaal Score | U1: Advies | V1: Notities
A2: Pikachu | B2: 15 | C2: Electric | D2: =IF(C2="","",VLOOKUP(C2,Referentie!$A$2:$B$19,2,0)) -> Grepa | E2: Fancy Apple | F2: Warming Ginger | G2: Fancy Apple | H2: Inventory Up S | I2: Ingredient Finder S | J2: Inventory Up M | K2: Ingredient Finder M | L2: Skill Trigger S | M2: Modest | N2: =IF(M2="","",VLOOKUP(M2,Referentie!$G$2:$I$26,2,0)) -> Ingredient Finding | O2: =IF(M2="","",VLOOKUP(M2,Referentie!$G$2:$I$26,3,0)) -> Speed of Help | P2: =IF(A2="","", (IF(N2="Speed of Help",2,0)) + (IF(O2="Speed of Help",-2,0)) + (IF(N2="EXP Gains",1,0)) + (IF(O2="EXP Gains",-1,0)) + (COUNTIF(H2:L2,"Helping Speed S")*1) + (COUNTIF(H2:L2,"Helping Speed M")*2) + (COUNTIF(H2:L2,"Berry Finding S")*2) + (COUNTIF(H2:L2,"Helping Bonus")*1) + (IF(O2="Ingredient Finding",0,0)) + (IF(O2="Main Skill Chance",0,0)) ) -> -2 | Q2: =IF(A2="","", (IF(N2="Ingredient Finding",2,0)) + (IF(O2="Ingredient Finding",-2,0)) + (IF(N2="EXP Gains",1,0)) + (IF(O2="EXP Gains",-1,0)) + (COUNTIF(H2:L2,"Ingredient Finder S")*1) + (COUNTIF(H2:L2,"Ingredient Finder M")*2) + (COUNTIF(H2:L2,"Inventory Up S")*0.5) + (COUNTIF(H2:L2,"Inventory Up M")*1) + (COUNTIF(H2:L2,"Inventory Up L")*1.5) + (IF(E2=F2,1,0)) + (IF(F2=G2,1,0)) ) -> 6.5 | R2: =IF(A2="","", (IF(N2="Main Skill Chance",2,0)) + (IF(O2="Main Skill Chance",-2,0)) + (IF(N2="EXP Gains",1,0)) + (IF(O2="EXP Gains",-1,0)) + (COUNTIF(H2:L2,"Skill Trigger S")*1) + (COUNTIF(H2:L2,"Skill Trigger M")*2) + (COUNTIF(H2:L2,"Skill Level Up S")*1) + (COUNTIF(H2:L2,"Skill Level Up M")*2) + (COUNTIF(H2:L2,"Energy Recovery Bonus")*1.5) + (COUNTIF(H2:L2,"Sleep EXP Bonus")*1) + (COUNTIF(H2:L2,"Research EXP Bonus")*1) ) -> 1 | S2: =IF(A2="","", IF(AND(P2<=1, Q2<=1, R2<=1), "Bench", IF(AND(P2>=Q2, P2>=R2), "Berry", IF(AND(Q2>=P2, Q2>=R2), "Ingredient", "Skill"))) ) -> Ingredient | T2: =IF(A2="","", MAX(P2,Q2,R2) + IF(OR(N2="Speed of Help",N2="Ingredient Finding",N2="Main Skill Chance"),1,0) + IF(N2="Neutral",0, IF(O2="Neutral",0.5,0)) + IF(B2>=10,0.5,0) ) -> 8 | U2: =IF(A2="","", IF(T2>=7, "⭐ Keep", IF(T2>=5, "📈 Level Up", IF(T2>=3, "🤔 Bench", "❌ Transfer"))) ) -> ⭐ Keep | V2: =IF(A2="","", _xlfn.TEXTJOIN("; ",TRUE, IF(A2="Pikachu","Evolve naar Raichu = snelste berry helper!",""), IF(A2="Pichu","Evolve → Pikachu → Raichu (top berry)",""), IF(A2="Eevee","Sylveon (skill) of Jolteon (berry) = top evoluties",""), IF(A2="Igglybuff","Evolve → Wigglytuff = Energy for Everyone S (top skill!)",""), IF(A2="Squirtle","Kanto starter: 2x ingrediënten + Ingredient Magnet S",""), IF(A2="Charmander","Evolve → Charizard = snelle berry+ingredient verzamelaar",""), IF(A2="Bulbasaur","Kanto starter: 2x ingrediënten + Ingredient Magnet S",""), IF(A2="Growlithe","Evolve → Arcanine = sterke all-rounder",""), IF(A2="Mareep","Evolve → Ampharos = hoge frequentie + waardevolle ingrediënten",""), IF(A2="Spheal","Evolve → Walrein = key voor Snowdrop Tundra (berry+ingr)",""), IF(A2="Riolu","Evolve → Lucario = sterke fighter",""), IF(A2="Togepi","Let op: Togekiss Metronome is onbetrouwbaar",""), IF(A2="Totodile","Evolve → Feraligatr = top berry voor Cyan Beach",""), IF(A2="Magnemite","Evolve → Magnezone = sterke skill helper",""), IF(A2="Ivysaur","Evolve → Venusaur = 2x ingrediënten specialist",""), IF(OR(N2="Neutral",O2="Neutral"),"Neutrale nature = ok maar niet ideaal",""), IF(AND(N2="Speed of Help",OR(S2="Berry",S2="Ingredient")),"Perfecte nature voor "&S2&" team!",""), IF(AND(N2="Ingredient Finding",S2="Ingredient"),"Perfecte nature voor Ingredient team!",""), IF(AND(N2="Main Skill Chance",S2="Skill"),"Perfecte nature voor Skill team!",""), IF(AND(O2="Speed of Help",S2="Berry"),"Let op: Speed of Help NEGATIEF schaadt berry-prestatie",""), IF(AND(O2="Ingredient Finding",S2="Ingredient"),"Let op: Ingredient Finding NEGATIEF schaadt ingredient-prestatie","") )) -> Evolve naar Raichu = snelste berry helper!; Perfecte nature voor Ingredient team!
A3: Squirtle | B3: 8 | C3: Water | D3: =IF(C3="","",VLOOKUP(C3,Referentie!$A$2:$B$19,2,0)) -> Oran | E3: Moomoo Milk | F3: Soothing Cacao | G3: Soothing Cacao | H3: Ingredient Finder S | I3: Skill Trigger S | J3: Inventory Up L | K3: Skill Trigger M | L3: Inventory Up S | M3: Serious | N3: =IF(M3="","",VLOOKUP(M3,Referentie!$G$2:$I$26,2,0)) -> Neutral | O3: =IF(M3="","",VLOOKUP(M3,Referentie!$G$2:$I$26,3,0)) -> Neutral | P3: =IF(A3="","", (IF(N3="Speed of Help",2,0)) + (IF(O3="Speed of Help",-2,0)) + (IF(N3="EXP Gains",1,0)) + (IF(O3="EXP Gains",-1,0)) + (COUNTIF(H3:L3,"Helping Speed S")*1) + (COUNTIF(H3:L3,"Helping Speed M")*2) + (COUNTIF(H3:L3,"Berry Finding S")*2) + (COUNTIF(H3:L3,"Helping Bonus")*1) + (IF(O3="Ingredient Finding",0,0)) + (IF(O3="Main Skill Chance",0,0)) ) -> 0 | Q3: =IF(A3="","", (IF(N3="Ingredient Finding",2,0)) + (IF(O3="Ingredient Finding",-2,0)) + (IF(N3="EXP Gains",1,0)) + (IF(O3="EXP Gains",-1,0)) + (COUNTIF(H3:L3,"Ingredient Finder S")*1) + (COUNTIF(H3:L3,"Ingredient Finder M")*2) + (COUNTIF(H3:L3,"Inventory Up S")*0.5) + (COUNTIF(H3:L3,"Inventory Up M")*1) + (COUNTIF(H3:L3,"Inventory Up L")*1.5) + (IF(E3=F3,1,0)) + (IF(F3=G3,1,0)) ) -> 4 | R3: =IF(A3="","", (IF(N3="Main Skill Chance",2,0)) + (IF(O3="Main Skill Chance",-2,0)) + (IF(N3="EXP Gains",1,0)) + (IF(O3="EXP Gains",-1,0)) + (COUNTIF(H3:L3,"Skill Trigger S")*1) + (COUNTIF(H3:L3,"Skill Trigger M")*2) + (COUNTIF(H3:L3,"Skill Level Up S")*1) + (COUNTIF(H3:L3,"Skill Level Up M")*2) + (COUNTIF(H3:L3,"Energy Recovery Bonus")*1.5) + (COUNTIF(H3:L3,"Sleep EXP Bonus")*1) + (COUNTIF(H3:L3,"Research EXP Bonus")*1) ) -> 3 | S3: =IF(A3="","", IF(AND(P3<=1, Q3<=1, R3<=1), "Bench", IF(AND(P3>=Q3, P3>=R3), "Berry", IF(AND(Q3>=P3, Q3>=R3), "Ingredient", "Skill"))) ) -> Ingredient | T3: =IF(A3="","", MAX(P3,Q3,R3) + IF(OR(N3="Speed of Help",N3="Ingredient Finding",N3="Main Skill Chance"),1,0) + IF(N3="Neutral",0, IF(O3="Neutral",0.5,0)) + IF(B3>=10,0.5,0) ) -> 4 | U3: =IF(A3="","", IF(T3>=7, "⭐ Keep", IF(T3>=5, "📈 Level Up", IF(T3>=3, "🤔 Bench", "❌ Transfer"))) ) -> 🤔 Bench | V3: =IF(A3="","", _xlfn.TEXTJOIN("; ",TRUE, IF(A3="Pikachu","Evolve naar Raichu = snelste berry helper!",""), IF(A3="Pichu","Evolve → Pikachu → Raichu (top berry)",""), IF(A3="Eevee","Sylveon (skill) of Jolteon (berry) = top evoluties",""), IF(A3="Igglybuff","Evolve → Wigglytuff = Energy for Everyone S (top skill!)",""), IF(A3="Squirtle","Kanto starter: 2x ingrediënten + Ingredient Magnet S",""), IF(A3="Charmander","Evolve → Charizard = snelle berry+ingredient verzamelaar",""), IF(A3="Bulbasaur","Kanto starter: 2x ingrediënten + Ingredient Magnet S",""), IF(A3="Growlithe","Evolve → Arcanine = sterke all-rounder",""), IF(A3="Mareep","Evolve → Ampharos = hoge frequentie + waardevolle ingrediënten",""), IF(A3="Spheal","Evolve → Walrein = key voor Snowdrop Tundra (berry+ingr)",""), IF(A3="Riolu","Evolve → Lucario = sterke fighter",""), IF(A3="Togepi","Let op: Togekiss Metronome is onbetrouwbaar",""), IF(A3="Totodile","Evolve → Feraligatr = top berry voor Cyan Beach",""), IF(A3="Magnemite","Evolve → Magnezone = sterke skill helper",""), IF(A3="Ivysaur","Evolve → Venusaur = 2x ingrediënten specialist",""), IF(OR(N3="Neutral",O3="Neutral"),"Neutrale nature = ok maar niet ideaal",""), IF(AND(N3="Speed of Help",OR(S3="Berry",S3="Ingredient")),"Perfecte nature voor "&S3&" team!",""), IF(AND(N3="Ingredient Finding",S3="Ingredient"),"Perfecte nature voor Ingredient team!",""), IF(AND(N3="Main Skill Chance",S3="Skill"),"Perfecte nature voor Skill team!",""), IF(AND(O3="Speed of Help",S3="Berry"),"Let op: Speed of Help NEGATIEF schaadt berry-prestatie",""), IF(AND(O3="Ingredient Finding",S3="Ingredient"),"Let op: Ingredient Finding NEGATIEF schaadt ingredient-prestatie","") )) -> Kanto starter: 2x ingrediënten + Ingredient Magnet S; Neutrale nature = ok maar niet ideaal
A4: Igglybuff | B4: 9 | C4: Fairy | D4: =IF(C4="","",VLOOKUP(C4,Referentie!$A$2:$B$19,2,0)) -> Pecha | E4: Honey | F4: Honey | G4: Pure Oil | H4: Helping Speed S | I4: Ingredient Finder M | J4: Skill Trigger S | K4: Ingredient Finder S | L4: Inventory Up S | M4: Naive | N4: =IF(M4="","",VLOOKUP(M4,Referentie!$G$2:$I$26,2,0)) -> EXP Gains | O4: =IF(M4="","",VLOOKUP(M4,Referentie!$G$2:$I$26,3,0)) -> Main Skill Chance | P4: =IF(A4="","", (IF(N4="Speed of Help",2,0)) + (IF(O4="Speed of Help",-2,0)) + (IF(N4="EXP Gains",1,0)) + (IF(O4="EXP Gains",-1,0)) + (COUNTIF(H4:L4,"Helping Speed S")*1) + (COUNTIF(H4:L4,"Helping Speed M")*2) + (COUNTIF(H4:L4,"Berry Finding S")*2) + (COUNTIF(H4:L4,"Helping Bonus")*1) + (IF(O4="Ingredient Finding",0,0)) + (IF(O4="Main Skill Chance",0,0)) ) -> 2 | Q4: =IF(A4="","", (IF(N4="Ingredient Finding",2,0)) + (IF(O4="Ingredient Finding",-2,0)) + (IF(N4="EXP Gains",1,0)) + (IF(O4="EXP Gains",-1,0)) + (COUNTIF(H4:L4,"Ingredient Finder S")*1) + (COUNTIF(H4:L4,"Ingredient Finder M")*2) + (COUNTIF(H4:L4,"Inventory Up S")*0.5) + (COUNTIF(H4:L4,"Inventory Up M")*1) + (COUNTIF(H4:L4,"Inventory Up L")*1.5) + (IF(E4=F4,1,0)) + (IF(F4=G4,1,0)) ) -> 5.5 | R4: =IF(A4="","", (IF(N4="Main Skill Chance",2,0)) + (IF(O4="Main Skill Chance",-2,0)) + (IF(N4="EXP Gains",1,0)) + (IF(O4="EXP Gains",-1,0)) + (COUNTIF(H4:L4,"Skill Trigger S")*1) + (COUNTIF(H4:L4,"Skill Trigger M")*2) + (COUNTIF(H4:L4,"Skill Level Up S")*1) + (COUNTIF(H4:L4,"Skill Level Up M")*2) + (COUNTIF(H4:L4,"Energy Recovery Bonus")*1.5) + (COUNTIF(H4:L4,"Sleep EXP Bonus")*1) + (COUNTIF(H4:L4,"Research EXP Bonus")*1) ) -> 0 | S4: =IF(A4="","", IF(AND(P4<=1, Q4<=1, R4<=1), "Bench", IF(AND(P4>=Q4, P4>=R4), "Berry", IF(AND(Q4>=P4, Q4>=R4), "Ingredient", "Skill"))) ) -> Ingredient | T4: =IF(A4="","", MAX(P4,Q4,R4) + IF(OR(N4="Speed of Help",N4="Ingredient Finding",N4="Main Skill Chance"),1,0) + IF(N4="Neutral",0, IF(O4="Neutral",0.5,0)) + IF(B4>=10,0.5,0) ) -> 5.5 | U4: =IF(A4="","", IF(T4>=7, "⭐ Keep", IF(T4>=5, "📈 Level Up", IF(T4>=3, "🤔 Bench", "❌ Transfer"))) ) -> 📈 Level Up | V4: =IF(A4="","", _xlfn.TEXTJOIN("; ",TRUE, IF(A4="Pikachu","Evolve naar Raichu = snelste berry helper!",""), IF(A4="Pichu","Evolve → Pikachu → Raichu (top berry)",""), IF(A4="Eevee","Sylveon (skill) of Jolteon (berry) = top evoluties",""), IF(A4="Igglybuff","Evolve → Wigglytuff = Energy for Everyone S (top skill!)",""), IF(A4="Squirtle","Kanto starter: 2x ingrediënten + Ingredient Magnet S",""), IF(A4="Charmander","Evolve → Charizard = snelle berry+ingredient verzamelaar",""), IF(A4="Bulbasaur","Kanto starter: 2x ingrediënten + Ingredient Magnet S",""), IF(A4="Growlithe","Evolve → Arcanine = sterke all-rounder",""), IF(A4="Mareep","Evolve → Ampharos = hoge frequentie + waardevolle ingrediënten",""), IF(A4="Spheal","Evolve → Walrein = key voor Snowdrop Tundra (berry+ingr)",""), IF(A4="Riolu","Evolve → Lucario = sterke fighter",""), IF(A4="Togepi","Let op: Togekiss Metronome is onbetrouwbaar",""), IF(A4="Totodile","Evolve → Feraligatr = top berry voor Cyan Beach",""), IF(A4="Magnemite","Evolve → Magnezone = sterke skill helper",""), IF(A4="Ivysaur","Evolve → Venusaur = 2x ingrediënten specialist",""), IF(OR(N4="Neutral",O4="Neutral"),"Neutrale nature = ok maar niet ideaal",""), IF(AND(N4="Speed of Help",OR(S4="Berry",S4="Ingredient")),"Perfecte nature voor "&S4&" team!",""), IF(AND(N4="Ingredient Finding",S4="Ingredient"),"Perfecte nature voor Ingredient team!",""), IF(AND(N4="Main Skill Chance",S4="Skill"),"Perfecte nature voor Skill team!",""), IF(AND(O4="Speed of Help",S4="Berry"),"Let op: Speed of Help NEGATIEF schaadt berry-prestatie",""), IF(AND(O4="Ingredient Finding",S4="Ingredient"),"Let op: Ingredient Finding NEGATIEF schaadt ingredient-prestatie","") )) -> Evolve → Wigglytuff = Energy for Everyone S (top skill!)
A5: Spheal | B5: 11 | C5: Water | D5: =IF(C5="","",VLOOKUP(C5,Referentie!$A$2:$B$19,2,0)) -> Oran | E5: Pure Oil | F5: Bean Sausage | G5: Pure Oil | H5: Ingredient Finder S | I5: Helping Speed S | J5: Berry Finding S | K5: Inventory Up S | L5: Ingredient Finder M | M5: Bold | N5: =IF(M5="","",VLOOKUP(M5,Referentie!$G$2:$I$26,2,0)) -> Energy Recovery | O5: =IF(M5="","",VLOOKUP(M5,Referentie!$G$2:$I$26,3,0)) -> Speed of Help | P5: =IF(A5="","", (IF(N5="Speed of Help",2,0)) + (IF(O5="Speed of Help",-2,0)) + (IF(N5="EXP Gains",1,0)) + (IF(O5="EXP Gains",-1,0)) + (COUNTIF(H5:L5,"Helping Speed S")*1) + (COUNTIF(H5:L5,"Helping Speed M")*2) + (COUNTIF(H5:L5,"Berry Finding S")*2) + (COUNTIF(H5:L5,"Helping Bonus")*1) + (IF(O5="Ingredient Finding",0,0)) + (IF(O5="Main Skill Chance",0,0)) ) -> 1 | Q5: =IF(A5="","", (IF(N5="Ingredient Finding",2,0)) + (IF(O5="Ingredient Finding",-2,0)) + (IF(N5="EXP Gains",1,0)) + (IF(O5="EXP Gains",-1,0)) + (COUNTIF(H5:L5,"Ingredient Finder S")*1) + (COUNTIF(H5:L5,"Ingredient Finder M")*2) + (COUNTIF(H5:L5,"Inventory Up S")*0.5) + (COUNTIF(H5:L5,"Inventory Up M")*1) + (COUNTIF(H5:L5,"Inventory Up L")*1.5) + (IF(E5=F5,1,0)) + (IF(F5=G5,1,0)) ) -> 3.5 | R5: =IF(A5="","", (IF(N5="Main Skill Chance",2,0)) + (IF(O5="Main Skill Chance",-2,0)) + (IF(N5="EXP Gains",1,0)) + (IF(O5="EXP Gains",-1,0)) + (COUNTIF(H5:L5,"Skill Trigger S")*1) + (COUNTIF(H5:L5,"Skill Trigger M")*2) + (COUNTIF(H5:L5,"Skill Level Up S")*1) + (COUNTIF(H5:L5,"Skill Level Up M")*2) + (COUNTIF(H5:L5,"Energy Recovery Bonus")*1.5) + (COUNTIF(H5:L5,"Sleep EXP Bonus")*1) + (COUNTIF(H5:L5,"Research EXP Bonus")*1) ) -> 0 | S5: =IF(A5="","", IF(AND(P5<=1, Q5<=1, R5<=1), "Bench", IF(AND(P5>=Q5, P5>=R5), "Berry", IF(AND(Q5>=P5, Q5>=R5), "Ingredient", "Skill"))) ) -> Ingredient | T5: =IF(A5="","", MAX(P5,Q5,R5) + IF(OR(N5="Speed of Help",N5="Ingredient Finding",N5="Main Skill Chance"),1,0) + IF(N5="Neutral",0, IF(O5="Neutral",0.5,0)) + IF(B5>=10,0.5,0) ) -> 4 | U5: =IF(A5="","", IF(T5>=7, "⭐ Keep", IF(T5>=5, "📈 Level Up", IF(T5>=3, "🤔 Bench", "❌ Transfer"))) ) -> 🤔 Bench | V5: =IF(A5="","", _xlfn.TEXTJOIN("; ",TRUE, IF(A5="Pikachu","Evolve naar Raichu = snelste berry helper!",""), IF(A5="Pichu","Evolve → Pikachu → Raichu (top berry)",""), IF(A5="Eevee","Sylveon (skill) of Jolteon (berry) = top evoluties",""), IF(A5="Igglybuff","Evolve → Wigglytuff = Energy for Everyone S (top skill!)",""), IF(A5="Squirtle","Kanto starter: 2x ingrediënten + Ingredient Magnet S",""), IF(A5="Charmander","Evolve → Charizard = snelle berry+ingredient verzamelaar",""), IF(A5="Bulbasaur","Kanto starter: 2x ingrediënten + Ingredient Magnet S",""), IF(A5="Growlithe","Evolve → Arcanine = sterke all-rounder",""), IF(A5="Mareep","Evolve → Ampharos = hoge frequentie + waardevolle ingrediënten",""), IF(A5="Spheal","Evolve → Walrein = key voor Snowdrop Tundra (berry+ingr)",""), IF(A5="Riolu","Evolve → Lucario = sterke fighter",""), IF(A5="Togepi","Let op: Togekiss Metronome is onbetrouwbaar",""), IF(A5="Totodile","Evolve → Feraligatr = top berry voor Cyan Beach",""), IF(A5="Magnemite","Evolve → Magnezone = sterke skill helper",""), IF(A5="Ivysaur","Evolve → Venusaur = 2x ingrediënten specialist",""), IF(OR(N5="Neutral",O5="Neutral"),"Neutrale nature = ok maar niet ideaal",""), IF(AND(N5="Speed of Help",OR(S5="Berry",S5="Ingredient")),"Perfecte nature voor "&S5&" team!",""), IF(AND(N5="Ingredient Finding",S5="Ingredient"),"Perfecte nature voor Ingredient team!",""), IF(AND(N5="Main Skill Chance",S5="Skill"),"Perfecte nature voor Skill team!",""), IF(AND(O5="Speed of Help",S5="Berry"),"Let op: Speed of Help NEGATIEF schaadt berry-prestatie",""), IF(AND(O5="Ingredient Finding",S5="Ingredient"),"Let op: Ingredient Finding NEGATIEF schaadt ingredient-prestatie","") )) -> Evolve → Walrein = key voor Snowdrop Tundra (berry+ingr)
A6: Cubone | B6: 11 | C6: Ground | D6: =IF(C6="","",VLOOKUP(C6,Referentie!$A$2:$B$19,2,0)) -> Figy | E6: Warming Ginger | F6: Soothing Cacao | G6: Warming Ginger | H6: Helping Speed M | I6: Ingredient Finder S | J6: Skill Trigger M | K6: Skill Level Up M | L6: Skill Trigger S | M6: Naughty | N6: =IF(M6="","",VLOOKUP(M6,Referentie!$G$2:$I$26,2,0)) -> Speed of Help | O6: =IF(M6="","",VLOOKUP(M6,Referentie!$G$2:$I$26,3,0)) -> Main Skill Chance | P6: =IF(A6="","", (IF(N6="Speed of Help",2,0)) + (IF(O6="Speed of Help",-2,0)) + (IF(N6="EXP Gains",1,0)) + (IF(O6="EXP Gains",-1,0)) + (COUNTIF(H6:L6,"Helping Speed S")*1) + (COUNTIF(H6:L6,"Helping Speed M")*2) + (COUNTIF(H6:L6,"Berry Finding S")*2) + (COUNTIF(H6:L6,"Helping Bonus")*1) + (IF(O6="Ingredient Finding",0,0)) + (IF(O6="Main Skill Chance",0,0)) ) -> 4 | Q6: =IF(A6="","", (IF(N6="Ingredient Finding",2,0)) + (IF(O6="Ingredient Finding",-2,0)) + (IF(N6="EXP Gains",1,0)) + (IF(O6="EXP Gains",-1,0)) + (COUNTIF(H6:L6,"Ingredient Finder S")*1) + (COUNTIF(H6:L6,"Ingredient Finder M")*2) + (COUNTIF(H6:L6,"Inventory Up S")*0.5) + (COUNTIF(H6:L6,"Inventory Up M")*1) + (COUNTIF(H6:L6,"Inventory Up L")*1.5) + (IF(E6=F6,1,0)) + (IF(F6=G6,1,0)) ) -> 1 | R6: =IF(A6="","", (IF(N6="Main Skill Chance",2,0)) + (IF(O6="Main Skill Chance",-2,0)) + (IF(N6="EXP Gains",1,0)) + (IF(O6="EXP Gains",-1,0)) + (COUNTIF(H6:L6,"Skill Trigger S")*1) + (COUNTIF(H6:L6,"Skill Trigger M")*2) + (COUNTIF(H6:L6,"Skill Level Up S")*1) + (COUNTIF(H6:L6,"Skill Level Up M")*2) + (COUNTIF(H6:L6,"Energy Recovery Bonus")*1.5) + (COUNTIF(H6:L6,"Sleep EXP Bonus")*1) + (COUNTIF(H6:L6,"Research EXP Bonus")*1) ) -> 3 | S6: =IF(A6="","", IF(AND(P6<=1, Q6<=1, R6<=1), "Bench", IF(AND(P6>=Q6, P6>=R6), "Berry", IF(AND(Q6>=P6, Q6>=R6), "Ingredient", "Skill"))) ) -> Berry | T6: =IF(A6="","", MAX(P6,Q6,R6) + IF(OR(N6="Speed of Help",N6="Ingredient Finding",N6="Main Skill Chance"),1,0) + IF(N6="Neutral",0, IF(O6="Neutral",0.5,0)) + IF(B6>=10,0.5,0) ) -> 5.5 | U6: =IF(A6="","", IF(T6>=7, "⭐ Keep", IF(T6>=5, "📈 Level Up", IF(T6>=3, "🤔 Bench", "❌ Transfer"))) ) -> 📈 Level Up | V6: =IF(A6="","", _xlfn.TEXTJOIN("; ",TRUE, IF(A6="Pikachu","Evolve naar Raichu = snelste berry helper!",""), IF(A6="Pichu","Evolve → Pikachu → Raichu (top berry)",""), IF(A6="Eevee","Sylveon (skill) of Jolteon (berry) = top evoluties",""), IF(A6="Igglybuff","Evolve → Wigglytuff = Energy for Everyone S (top skill!)",""), IF(A6="Squirtle","Kanto starter: 2x ingrediënten + Ingredient Magnet S",""), IF(A6="Charmander","Evolve → Charizard = snelle berry+ingredient verzamelaar",""), IF(A6="Bulbasaur","Kanto starter: 2x ingrediënten + Ingredient Magnet S",""), IF(A6="Growlithe","Evolve → Arcanine = sterke all-rounder",""), IF(A6="Mareep","Evolve → Ampharos = hoge frequentie + waardevolle ingrediënten",""), IF(A6="Spheal","Evolve → Walrein = key voor Snowdrop Tundra (berry+ingr)",""), IF(A6="Riolu","Evolve → Lucario = sterke fighter",""), IF(A6="Togepi","Let op: Togekiss Metronome is onbetrouwbaar",""), IF(A6="Totodile","Evolve → Feraligatr = top berry voor Cyan Beach",""), IF(A6="Magnemite","Evolve → Magnezone = sterke skill helper",""), IF(A6="Ivysaur","Evolve → Venusaur = 2x ingrediënten specialist",""), IF(OR(N6="Neutral",O6="Neutral"),"Neutrale nature = ok maar niet ideaal",""), IF(AND(N6="Speed of Help",OR(S6="Berry",S6="Ingredient")),"Perfecte nature voor "&S6&" team!",""), IF(AND(N6="Ingredient Finding",S6="Ingredient"),"Perfecte nature voor Ingredient team!",""), IF(AND(N6="Main Skill Chance",S6="Skill"),"Perfecte nature voor Skill team!",""), IF(AND(O6="Speed of Help",S6="Berry"),"Let op: Speed of Help NEGATIEF schaadt berry-prestatie",""), IF(AND(O6="Ingredient Finding",S6="Ingredient"),"Let op: Ingredient Finding NEGATIEF schaadt ingredient-prestatie","") )) -> Perfecte nature voor Berry team!
A7: Pichu | B7: 6 | C7: Electric | D7: =IF(C7="","",VLOOKUP(C7,Referentie!$A$2:$B$19,2,0)) -> Grepa | E7: Fancy Apple | F7: Warming Ginger | G7: Fancy Apple | H7: Inventory Up S | I7: Inventory Up L | J7: Ingredient Finder M | K7: Helping Speed M | L7: Skill Level Up S | M7: Impish | N7: =IF(M7="","",VLOOKUP(M7,Referentie!$G$2:$I$26,2,0)) -> Energy Recovery | O7: =IF(M7="","",VLOOKUP(M7,Referentie!$G$2:$I$26,3,0)) -> Ingredient Finding | P7: =IF(A7="","", (IF(N7="Speed of Help",2,0)) + (IF(O7="Speed of Help",-2,0)) + (IF(N7="EXP Gains",1,0)) + (IF(O7="EXP Gains",-1,0)) + (COUNTIF(H7:L7,"Helping Speed S")*1) + (COUNTIF(H7:L7,"Helping Speed M")*2) + (COUNTIF(H7:L7,"Berry Finding S")*2) + (COUNTIF(H7:L7,"Helping Bonus")*1) + (IF(O7="Ingredient Finding",0,0)) + (IF(O7="Main Skill Chance",0,0)) ) -> 2 | Q7: =IF(A7="","", (IF(N7="Ingredient Finding",2,0)) + (IF(O7="Ingredient Finding",-2,0)) + (IF(N7="EXP Gains",1,0)) + (IF(O7="EXP Gains",-1,0)) + (COUNTIF(H7:L7,"Ingredient Finder S")*1) + (COUNTIF(H7:L7,"Ingredient Finder M")*2) + (COUNTIF(H7:L7,"Inventory Up S")*0.5) + (COUNTIF(H7:L7,"Inventory Up M")*1) + (COUNTIF(H7:L7,"Inventory Up L")*1.5) + (IF(E7=F7,1,0)) + (IF(F7=G7,1,0)) ) -> 2 | R7: =IF(A7="","", (IF(N7="Main Skill Chance",2,0)) + (IF(O7="Main Skill Chance",-2,0)) + (IF(N7="EXP Gains",1,0)) + (IF(O7="EXP Gains",-1,0)) + (COUNTIF(H7:L7,"Skill Trigger S")*1) + (COUNTIF(H7:L7,"Skill Trigger M")*2) + (COUNTIF(H7:L7,"Skill Level Up S")*1) + (COUNTIF(H7:L7,"Skill Level Up M")*2) + (COUNTIF(H7:L7,"Energy Recovery Bonus")*1.5) + (COUNTIF(H7:L7,"Sleep EXP Bonus")*1) + (COUNTIF(H7:L7,"Research EXP Bonus")*1) ) -> 1 | S7: =IF(A7="","", IF(AND(P7<=1, Q7<=1, R7<=1), "Bench", IF(AND(P7>=Q7, P7>=R7), "Berry", IF(AND(Q7>=P7, Q7>=R7), "Ingredient", "Skill"))) ) -> Berry | T7: =IF(A7="","", MAX(P7,Q7,R7) + IF(OR(N7="Speed of Help",N7="Ingredient Finding",N7="Main Skill Chance"),1,0) + IF(N7="Neutral",0, IF(O7="Neutral",0.5,0)) + IF(B7>=10,0.5,0) ) -> 2 | U7: =IF(A7="","", IF(T7>=7, "⭐ Keep", IF(T7>=5, "📈 Level Up", IF(T7>=3, "🤔 Bench", "❌ Transfer"))) ) -> ❌ Transfer | V7: =IF(A7="","", _xlfn.TEXTJOIN("; ",TRUE, IF(A7="Pikachu","Evolve naar Raichu = snelste berry helper!",""), IF(A7="Pichu","Evolve → Pikachu → Raichu (top berry)",""), IF(A7="Eevee","Sylveon (skill) of Jolteon (berry) = top evoluties",""), IF(A7="Igglybuff","Evolve → Wigglytuff = Energy for Everyone S (top skill!)",""), IF(A7="Squirtle","Kanto starter: 2x ingrediënten + Ingredient Magnet S",""), IF(A7="Charmander","Evolve → Charizard = snelle berry+ingredient verzamelaar",""), IF(A7="Bulbasaur","Kanto starter: 2x ingrediënten + Ingredient Magnet S",""), IF(A7="Growlithe","Evolve → Arcanine = sterke all-rounder",""), IF(A7="Mareep","Evolve → Ampharos = hoge frequentie + waardevolle ingrediënten",""), IF(A7="Spheal","Evolve → Walrein = key voor Snowdrop Tundra (berry+ingr)",""), IF(A7="Riolu","Evolve → Lucario = sterke fighter",""), IF(A7="Togepi","Let op: Togekiss Metronome is onbetrouwbaar",""), IF(A7="Totodile","Evolve → Feraligatr = top berry voor Cyan Beach",""), IF(A7="Magnemite","Evolve → Magnezone = sterke skill helper",""), IF(A7="Ivysaur","Evolve → Venusaur = 2x ingrediënten specialist",""), IF(OR(N7="Neutral",O7="Neutral"),"Neutrale nature = ok maar niet ideaal",""), IF(AND(N7="Speed of Help",OR(S7="Berry",S7="Ingredient")),"Perfecte nature voor "&S7&" team!",""), IF(AND(N7="Ingredient Finding",S7="Ingredient"),"Perfecte nature voor Ingredient team!",""), IF(AND(N7="Main Skill Chance",S7="Skill"),"Perfecte nature voor Skill team!",""), IF(AND(O7="Speed of Help",S7="Berry"),"Let op: Speed of Help NEGATIEF schaadt berry-prestatie",""), IF(AND(O7="Ingredient Finding",S7="Ingredient"),"Let op: Ingredient Finding NEGATIEF schaadt ingredient-prestatie","") )) -> Evolve → Pikachu → Raichu (top berry)
A8: Slowpoke | B8: 9 | C8: Water | D8: =IF(C8="","",VLOOKUP(C8,Referentie!$A$2:$B$19,2,0)) -> Oran | E8: Soothing Cacao | F8: Slowpoke Tail | G8: Soothing Cacao | H8: Ingredient Finder S | I8: Helping Speed S | J8: Inventory Up S | K8: Skill Trigger S | L8: Inventory Up M | M8: Jolly | N8: =IF(M8="","",VLOOKUP(M8,Referentie!$G$2:$I$26,2,0)) -> EXP Gains | O8: =IF(M8="","",VLOOKUP(M8,Referentie!$G$2:$I$26,3,0)) -> Ingredient Finding | P8: =IF(A8="","", (IF(N8="Speed of Help",2,0)) + (IF(O8="Speed of Help",-2,0)) + (IF(N8="EXP Gains",1,0)) + (IF(O8="EXP Gains",-1,0)) + (COUNTIF(H8:L8,"Helping Speed S")*1) + (COUNTIF(H8:L8,"Helping Speed M")*2) + (COUNTIF(H8:L8,"Berry Finding S")*2) + (COUNTIF(H8:L8,"Helping Bonus")*1) + (IF(O8="Ingredient Finding",0,0)) + (IF(O8="Main Skill Chance",0,0)) ) -> 2 | Q8: =IF(A8="","", (IF(N8="Ingredient Finding",2,0)) + (IF(O8="Ingredient Finding",-2,0)) + (IF(N8="EXP Gains",1,0)) + (IF(O8="EXP Gains",-1,0)) + (COUNTIF(H8:L8,"Ingredient Finder S")*1) + (COUNTIF(H8:L8,"Ingredient Finder M")*2) + (COUNTIF(H8:L8,"Inventory Up S")*0.5) + (COUNTIF(H8:L8,"Inventory Up M")*1) + (COUNTIF(H8:L8,"Inventory Up L")*1.5) + (IF(E8=F8,1,0)) + (IF(F8=G8,1,0)) ) -> 1.5 | R8: =IF(A8="","", (IF(N8="Main Skill Chance",2,0)) + (IF(O8="Main Skill Chance",-2,0)) + (IF(N8="EXP Gains",1,0)) + (IF(O8="EXP Gains",-1,0)) + (COUNTIF(H8:L8,"Skill Trigger S")*1) + (COUNTIF(H8:L8,"Skill Trigger M")*2) + (COUNTIF(H8:L8,"Skill Level Up S")*1) + (COUNTIF(H8:L8,"Skill Level Up M")*2) + (COUNTIF(H8:L8,"Energy Recovery Bonus")*1.5) + (COUNTIF(H8:L8,"Sleep EXP Bonus")*1) + (COUNTIF(H8:L8,"Research EXP Bonus")*1) ) -> 2 | S8: =IF(A8="","", IF(AND(P8<=1, Q8<=1, R8<=1), "Bench", IF(AND(P8>=Q8, P8>=R8), "Berry", IF(AND(Q8>=P8, Q8>=R8), "Ingredient", "Skill"))) ) -> Berry | T8: =IF(A8="","", MAX(P8,Q8,R8) + IF(OR(N8="Speed of Help",N8="Ingredient Finding",N8="Main Skill Chance"),1,0) + IF(N8="Neutral",0, IF(O8="Neutral",0.5,0)) + IF(B8>=10,0.5,0) ) -> 2 | U8: =IF(A8="","", IF(T8>=7, "⭐ Keep", IF(T8>=5, "📈 Level Up", IF(T8>=3, "🤔 Bench", "❌ Transfer"))) ) -> ❌ Transfer | V8: =IF(A8="","", _xlfn.TEXTJOIN("; ",TRUE, IF(A8="Pikachu","Evolve naar Raichu = snelste berry helper!",""), IF(A8="Pichu","Evolve → Pikachu → Raichu (top berry)",""), IF(A8="Eevee","Sylveon (skill) of Jolteon (berry) = top evoluties",""), IF(A8="Igglybuff","Evolve → Wigglytuff = Energy for Everyone S (top skill!)",""), IF(A8="Squirtle","Kanto starter: 2x ingrediënten + Ingredient Magnet S",""), IF(A8="Charmander","Evolve → Charizard = snelle berry+ingredient verzamelaar",""), IF(A8="Bulbasaur","Kanto starter: 2x ingrediënten + Ingredient Magnet S",""), IF(A8="Growlithe","Evolve → Arcanine = sterke all-rounder",""), IF(A8="Mareep","Evolve → Ampharos = hoge frequentie + waardevolle ingrediënten",""), IF(A8="Spheal","Evolve → Walrein = key voor Snowdrop Tundra (berry+ingr)",""), IF(A8="Riolu","Evolve → Lucario = sterke fighter",""), IF(A8="Togepi","Let op: Togekiss Metronome is onbetrouwbaar",""), IF(A8="Totodile","Evolve → Feraligatr = top berry voor Cyan Beach",""), IF(A8="Magnemite","Evolve → Magnezone = sterke skill helper",""), IF(A8="Ivysaur","Evolve → Venusaur = 2x ingrediënten specialist",""), IF(OR(N8="Neutral",O8="Neutral"),"Neutrale nature = ok maar niet ideaal",""), IF(AND(N8="Speed of Help",OR(S8="Berry",S8="Ingredient")),"Perfecte nature voor "&S8&" team!",""), IF(AND(N8="Ingredient Finding",S8="Ingredient"),"Perfecte nature voor Ingredient team!",""), IF(AND(N8="Main Skill Chance",S8="Skill"),"Perfecte nature voor Skill team!",""), IF(AND(O8="Speed of Help",S8="Berry"),"Let op: Speed of Help NEGATIEF schaadt berry-prestatie",""), IF(AND(O8="Ingredient Finding",S8="Ingredient"),"Let op: Ingredient Finding NEGATIEF schaadt ingredient-prestatie","") ))
A9: Noibat | B9: 14 | C9: Dragon | D9: =IF(C9="","",VLOOKUP(C9,Referentie!$A$2:$B$19,2,0)) -> Yache | E9: Fancy Apple | F9: Large Leek | G9: Bean Sausage | H9: Inventory Up S | I9: Inventory Up M | J9: Ingredient Finder M | K9: Skill Trigger S | L9: Ingredient Finder S | M9: Bashful | N9: =IF(M9="","",VLOOKUP(M9,Referentie!$G$2:$I$26,2,0)) -> Neutral | O9: =IF(M9="","",VLOOKUP(M9,Referentie!$G$2:$I$26,3,0)) -> Neutral | P9: =IF(A9="","", (IF(N9="Speed of Help",2,0)) + (IF(O9="Speed of Help",-2,0)) + (IF(N9="EXP Gains",1,0)) + (IF(O9="EXP Gains",-1,0)) + (COUNTIF(H9:L9,"Helping Speed S")*1) + (COUNTIF(H9:L9,"Helping Speed M")*2) + (COUNTIF(H9:L9,"Berry Finding S")*2) + (COUNTIF(H9:L9,"Helping Bonus")*1) + (IF(O9="Ingredient Finding",0,0)) + (IF(O9="Main Skill Chance",0,0)) ) -> 0 | Q9: =IF(A9="","", (IF(N9="Ingredient Finding",2,0)) + (IF(O9="Ingredient Finding",-2,0)) + (IF(N9="EXP Gains",1,0)) + (IF(O9="EXP Gains",-1,0)) + (COUNTIF(H9:L9,"Ingredient Finder S")*1) + (COUNTIF(H9:L9,"Ingredient Finder M")*2) + (COUNTIF(H9:L9,"Inventory Up S")*0.5) + (COUNTIF(H9:L9,"Inventory Up M")*1) + (COUNTIF(H9:L9,"Inventory Up L")*1.5) + (IF(E9=F9,1,0)) + (IF(F9=G9,1,0)) ) -> 4.5 | R9: =IF(A9="","", (IF(N9="Main Skill Chance",2,0)) + (IF(O9="Main Skill Chance",-2,0)) + (IF(N9="EXP Gains",1,0)) + (IF(O9="EXP Gains",-1,0)) + (COUNTIF(H9:L9,"Skill Trigger S")*1) + (COUNTIF(H9:L9,"Skill Trigger M")*2) + (COUNTIF(H9:L9,"Skill Level Up S")*1) + (COUNTIF(H9:L9,"Skill Level Up M")*2) + (COUNTIF(H9:L9,"Energy Recovery Bonus")*1.5) + (COUNTIF(H9:L9,"Sleep EXP Bonus")*1) + (COUNTIF(H9:L9,"Research EXP Bonus")*1) ) -> 1 | S9: =IF(A9="","", IF(AND(P9<=1, Q9<=1, R9<=1), "Bench", IF(AND(P9>=Q9, P9>=R9), "Berry", IF(AND(Q9>=P9, Q9>=R9), "Ingredient", "Skill"))) ) -> Ingredient | T9: =IF(A9="","", MAX(P9,Q9,R9) + IF(OR(N9="Speed of Help",N9="Ingredient Finding",N9="Main Skill Chance"),1,0) + IF(N9="Neutral",0, IF(O9="Neutral",0.5,0)) + IF(B9>=10,0.5,0) ) -> 5 | U9: =IF(A9="","", IF(T9>=7, "⭐ Keep", IF(T9>=5, "📈 Level Up", IF(T9>=3, "🤔 Bench", "❌ Transfer"))) ) -> 📈 Level Up | V9: =IF(A9="","", _xlfn.TEXTJOIN("; ",TRUE, IF(A9="Pikachu","Evolve naar Raichu = snelste berry helper!",""), IF(A9="Pichu","Evolve → Pikachu → Raichu (top berry)",""), IF(A9="Eevee","Sylveon (skill) of Jolteon (berry) = top evoluties",""), IF(A9="Igglybuff","Evolve → Wigglytuff = Energy for Everyone S (top skill!)",""), IF(A9="Squirtle","Kanto starter: 2x ingrediënten + Ingredient Magnet S",""), IF(A9="Charmander","Evolve → Charizard = snelle berry+ingredient verzamelaar",""), IF(A9="Bulbasaur","Kanto starter: 2x ingrediënten + Ingredient Magnet S",""), IF(A9="Growlithe","Evolve → Arcanine = sterke all-rounder",""), IF(A9="Mareep","Evolve → Ampharos = hoge frequentie + waardevolle ingrediënten",""), IF(A9="Spheal","Evolve → Walrein = key voor Snowdrop Tundra (berry+ingr)",""), IF(A9="Riolu","Evolve → Lucario = sterke fighter",""), IF(A9="Togepi","Let op: Togekiss Metronome is onbetrouwbaar",""), IF(A9="Totodile","Evolve → Feraligatr = top berry voor Cyan Beach",""), IF(A9="Magnemite","Evolve → Magnezone = sterke skill helper",""), IF(A9="Ivysaur","Evolve → Venusaur = 2x ingrediënten specialist",""), IF(OR(N9="Neutral",O9="Neutral"),"Neutrale nature = ok maar niet ideaal",""), IF(AND(N9="Speed of Help",OR(S9="Berry",S9="Ingredient")),"Perfecte nature voor "&S9&" team!",""), IF(AND(N9="Ingredient Finding",S9="Ingredient"),"Perfecte nature voor Ingredient team!",""), IF(AND(N9="Main Skill Chance",S9="Skill"),"Perfecte nature voor Skill team!",""), IF(AND(O9="Speed of Help",S9="Berry"),"Let op: Speed of Help NEGATIEF schaadt berry-prestatie",""), IF(AND(O9="Ingredient Finding",S9="Ingredient"),"Let op: Ingredient Finding NEGATIEF schaadt ingredient-prestatie","") )) -> Neutrale nature = ok maar niet ideaal
A10: Rattata | B10: 8 | C10: Normal | D10: =IF(C10="","",VLOOKUP(C10,Referentie!$A$2:$B$19,2,0)) -> Persim | E10: Fancy Apple | F10: Greengrass Soybeans | G10: Fancy Apple | H10: Helping Speed S | I10: Ingredient Finder M | J10: Research EXP Bonus | K10: Sleep EXP Bonus | L10: Ingredient Finder S | M10: Mild | N10: =IF(M10="","",VLOOKUP(M10,Referentie!$G$2:$I$26,2,0)) -> Ingredient Finding | O10: =IF(M10="","",VLOOKUP(M10,Referentie!$G$2:$I$26,3,0)) -> Energy Recovery | P10: =IF(A10="","", (IF(N10="Speed of Help",2,0)) + (IF(O10="Speed of Help",-2,0)) + (IF(N10="EXP Gains",1,0)) + (IF(O10="EXP Gains",-1,0)) + (COUNTIF(H10:L10,"Helping Speed S")*1) + (COUNTIF(H10:L10,"Helping Speed M")*2) + (COUNTIF(H10:L10,"Berry Finding S")*2) + (COUNTIF(H10:L10,"Helping Bonus")*1) + (IF(O10="Ingredient Finding",0,0)) + (IF(O10="Main Skill Chance",0,0)) ) -> 1 | Q10: =IF(A10="","", (IF(N10="Ingredient Finding",2,0)) + (IF(O10="Ingredient Finding",-2,0)) + (IF(N10="EXP Gains",1,0)) + (IF(O10="EXP Gains",-1,0)) + (COUNTIF(H10:L10,"Ingredient Finder S")*1) + (COUNTIF(H10:L10,"Ingredient Finder M")*2) + (COUNTIF(H10:L10,"Inventory Up S")*0.5) + (COUNTIF(H10:L10,"Inventory Up M")*1) + (COUNTIF(H10:L10,"Inventory Up L")*1.5) + (IF(E10=F10,1,0)) + (IF(F10=G10,1,0)) ) -> 5 | R10: =IF(A10="","", (IF(N10="Main Skill Chance",2,0)) + (IF(O10="Main Skill Chance",-2,0)) + (IF(N10="EXP Gains",1,0)) + (IF(O10="EXP Gains",-1,0)) + (COUNTIF(H10:L10,"Skill Trigger S")*1) + (COUNTIF(H10:L10,"Skill Trigger M")*2) + (COUNTIF(H10:L10,"Skill Level Up S")*1) + (COUNTIF(H10:L10,"Skill Level Up M")*2) + (COUNTIF(H10:L10,"Energy Recovery Bonus")*1.5) + (COUNTIF(H10:L10,"Sleep EXP Bonus")*1) + (COUNTIF(H10:L10,"Research EXP Bonus")*1) ) -> 2 | S10: =IF(A10="","", IF(AND(P10<=1, Q10<=1, R10<=1), "Bench", IF(AND(P10>=Q10, P10>=R10), "Berry", IF(AND(Q10>=P10, Q10>=R10), "Ingredient", "Skill"))) ) -> Ingredient | T10: =IF(A10="","", MAX(P10,Q10,R10) + IF(OR(N10="Speed of Help",N10="Ingredient Finding",N10="Main Skill Chance"),1,0) + IF(N10="Neutral",0, IF(O10="Neutral",0.5,0)) + IF(B10>=10,0.5,0) ) -> 6 | U10: =IF(A10="","", IF(T10>=7, "⭐ Keep", IF(T10>=5, "📈 Level Up", IF(T10>=3, "🤔 Bench", "❌ Transfer"))) ) -> 📈 Level Up | V10: =IF(A10="","", _xlfn.TEXTJOIN("; ",TRUE, IF(A10="Pikachu","Evolve naar Raichu = snelste berry helper!",""), IF(A10="Pichu","Evolve → Pikachu → Raichu (top berry)",""), IF(A10="Eevee","Sylveon (skill) of Jolteon (berry) = top evoluties",""), IF(A10="Igglybuff","Evolve → Wigglytuff = Energy for Everyone S (top skill!)",""), IF(A10="Squirtle","Kanto starter: 2x ingrediënten + Ingredient Magnet S",""), IF(A10="Charmander","Evolve → Charizard = snelle berry+ingredient verzamelaar",""), IF(A10="Bulbasaur","Kanto starter: 2x ingrediënten + Ingredient Magnet S",""), IF(A10="Growlithe","Evolve → Arcanine = sterke all-rounder",""), IF(A10="Mareep","Evolve → Ampharos = hoge frequentie + waardevolle ingrediënten",""), IF(A10="Spheal","Evolve → Walrein = key voor Snowdrop Tundra (berry+ingr)",""), IF(A10="Riolu","Evolve → Lucario = sterke fighter",""), IF(A10="Togepi","Let op: Togekiss Metronome is onbetrouwbaar",""), IF(A10="Totodile","Evolve → Feraligatr = top berry voor Cyan Beach",""), IF(A10="Magnemite","Evolve → Magnezone = sterke skill helper",""), IF(A10="Ivysaur","Evolve → Venusaur = 2x ingrediënten specialist",""), IF(OR(N10="Neutral",O10="Neutral"),"Neutrale nature = ok maar niet ideaal",""), IF(AND(N10="Speed of Help",OR(S10="Berry",S10="Ingredient")),"Perfecte nature voor "&S10&" team!",""), IF(AND(N10="Ingredient Finding",S10="Ingredient"),"Perfecte nature voor Ingredient team!",""), IF(AND(N10="Main Skill Chance",S10="Skill"),"Perfecte nature voor Skill team!",""), IF(AND(O10="Speed of Help",S10="Berry"),"Let op: Speed of Help NEGATIEF schaadt berry-prestatie",""), IF(AND(O10="Ingredient Finding",S10="Ingredient"),"Let op: Ingredient Finding NEGATIEF schaadt ingredient-prestatie","") )) -> Perfecte nature voor Ingredient team!
A11: Gulpin | B11: 9 | C11: Poison | D11: =IF(C11="","",VLOOKUP(C11,Referentie!$A$2:$B$19,2,0)) -> Chesto | E11: Greengrass Soybeans | F11: Greengrass Soybeans | G11: Tasty Mushroom | H11: Ingredient Finder M | I11: Ingredient Finder S | J11: Inventory Up S | K11: Helping Speed S | L11: Dream Shard Bonus | M11: Hasty | N11: =IF(M11="","",VLOOKUP(M11,Referentie!$G$2:$I$26,2,0)) -> EXP Gains | O11: =IF(M11="","",VLOOKUP(M11,Referentie!$G$2:$I$26,3,0)) -> Energy Recovery | P11: =IF(A11="","", (IF(N11="Speed of Help",2,0)) + (IF(O11="Speed of Help",-2,0)) + (IF(N11="EXP Gains",1,0)) + (IF(O11="EXP Gains",-1,0)) + (COUNTIF(H11:L11,"Helping Speed S")*1) + (COUNTIF(H11:L11,"Helping Speed M")*2) + (COUNTIF(H11:L11,"Berry Finding S")*2) + (COUNTIF(H11:L11,"Helping Bonus")*1) + (IF(O11="Ingredient Finding",0,0)) + (IF(O11="Main Skill Chance",0,0)) ) -> 2 | Q11: =IF(A11="","", (IF(N11="Ingredient Finding",2,0)) + (IF(O11="Ingredient Finding",-2,0)) + (IF(N11="EXP Gains",1,0)) + (IF(O11="EXP Gains",-1,0)) + (COUNTIF(H11:L11,"Ingredient Finder S")*1) + (COUNTIF(H11:L11,"Ingredient Finder M")*2) + (COUNTIF(H11:L11,"Inventory Up S")*0.5) + (COUNTIF(H11:L11,"Inventory Up M")*1) + (COUNTIF(H11:L11,"Inventory Up L")*1.5) + (IF(E11=F11,1,0)) + (IF(F11=G11,1,0)) ) -> 5.5 | R11: =IF(A11="","", (IF(N11="Main Skill Chance",2,0)) + (IF(O11="Main Skill Chance",-2,0)) + (IF(N11="EXP Gains",1,0)) + (IF(O11="EXP Gains",-1,0)) + (COUNTIF(H11:L11,"Skill Trigger S")*1) + (COUNTIF(H11:L11,"Skill Trigger M")*2) + (COUNTIF(H11:L11,"Skill Level Up S")*1) + (COUNTIF(H11:L11,"Skill Level Up M")*2) + (COUNTIF(H11:L11,"Energy Recovery Bonus")*1.5) + (COUNTIF(H11:L11,"Sleep EXP Bonus")*1) + (COUNTIF(H11:L11,"Research EXP Bonus")*1) ) -> 1 | S11: =IF(A11="","", IF(AND(P11<=1, Q11<=1, R11<=1), "Bench", IF(AND(P11>=Q11, P11>=R11), "Berry", IF(AND(Q11>=P11, Q11>=R11), "Ingredient", "Skill"))) ) -> Ingredient | T11: =IF(A11="","", MAX(P11,Q11,R11) + IF(OR(N11="Speed of Help",N11="Ingredient Finding",N11="Main Skill Chance"),1,0) + IF(N11="Neutral",0, IF(O11="Neutral",0.5,0)) + IF(B11>=10,0.5,0) ) -> 5.5 | U11: =IF(A11="","", IF(T11>=7, "⭐ Keep", IF(T11>=5, "📈 Level Up", IF(T11>=3, "🤔 Bench", "❌ Transfer"))) ) -> 📈 Level Up | V11: =IF(A11="","", _xlfn.TEXTJOIN("; ",TRUE, IF(A11="Pikachu","Evolve naar Raichu = snelste berry helper!",""), IF(A11="Pichu","Evolve → Pikachu → Raichu (top berry)",""), IF(A11="Eevee","Sylveon (skill) of Jolteon (berry) = top evoluties",""), IF(A11="Igglybuff","Evolve → Wigglytuff = Energy for Everyone S (top skill!)",""), IF(A11="Squirtle","Kanto starter: 2x ingrediënten + Ingredient Magnet S",""), IF(A11="Charmander","Evolve → Charizard = snelle berry+ingredient verzamelaar",""), IF(A11="Bulbasaur","Kanto starter: 2x ingrediënten + Ingredient Magnet S",""), IF(A11="Growlithe","Evolve → Arcanine = sterke all-rounder",""), IF(A11="Mareep","Evolve → Ampharos = hoge frequentie + waardevolle ingrediënten",""), IF(A11="Spheal","Evolve → Walrein = key voor Snowdrop Tundra (berry+ingr)",""), IF(A11="Riolu","Evolve → Lucario = sterke fighter",""), IF(A11="Togepi","Let op: Togekiss Metronome is onbetrouwbaar",""), IF(A11="Totodile","Evolve → Feraligatr = top berry voor Cyan Beach",""), IF(A11="Magnemite","Evolve → Magnezone = sterke skill helper",""), IF(A11="Ivysaur","Evolve → Venusaur = 2x ingrediënten specialist",""), IF(OR(N11="Neutral",O11="Neutral"),"Neutrale nature = ok maar niet ideaal",""), IF(AND(N11="Speed of Help",OR(S11="Berry",S11="Ingredient")),"Perfecte nature voor "&S11&" team!",""), IF(AND(N11="Ingredient Finding",S11="Ingredient"),"Perfecte nature voor Ingredient team!",""), IF(AND(N11="Main Skill Chance",S11="Skill"),"Perfecte nature voor Skill team!",""), IF(AND(O11="Speed of Help",S11="Berry"),"Let op: Speed of Help NEGATIEF schaadt berry-prestatie",""), IF(AND(O11="Ingredient Finding",S11="Ingredient"),"Let op: Ingredient Finding NEGATIEF schaadt ingredient-prestatie","") ))
A12: Swablu | B12: 7 | C12: Flying | D12: =IF(C12="","",VLOOKUP(C12,Referentie!$A$2:$B$19,2,0)) -> Lum | E12: Fancy Egg | F12: Greengrass Soybeans | G12: Fancy Egg | H12: Skill Trigger S | I12: Inventory Up S | J12: Helping Speed S | K12: Ingredient Finder S | L12: Berry Finding S | M12: Serious | N12: =IF(M12="","",VLOOKUP(M12,Referentie!$G$2:$I$26,2,0)) -> Neutral | O12: =IF(M12="","",VLOOKUP(M12,Referentie!$G$2:$I$26,3,0)) -> Neutral | P12: =IF(A12="","", (IF(N12="Speed of Help",2,0)) + (IF(O12="Speed of Help",-2,0)) + (IF(N12="EXP Gains",1,0)) + (IF(O12="EXP Gains",-1,0)) + (COUNTIF(H12:L12,"Helping Speed S")*1) + (COUNTIF(H12:L12,"Helping Speed M")*2) + (COUNTIF(H12:L12,"Berry Finding S")*2) + (COUNTIF(H12:L12,"Helping Bonus")*1) + (IF(O12="Ingredient Finding",0,0)) + (IF(O12="Main Skill Chance",0,0)) ) -> 3 | Q12: =IF(A12="","", (IF(N12="Ingredient Finding",2,0)) + (IF(O12="Ingredient Finding",-2,0)) + (IF(N12="EXP Gains",1,0)) + (IF(O12="EXP Gains",-1,0)) + (COUNTIF(H12:L12,"Ingredient Finder S")*1) + (COUNTIF(H12:L12,"Ingredient Finder M")*2) + (COUNTIF(H12:L12,"Inventory Up S")*0.5) + (COUNTIF(H12:L12,"Inventory Up M")*1) + (COUNTIF(H12:L12,"Inventory Up L")*1.5) + (IF(E12=F12,1,0)) + (IF(F12=G12,1,0)) ) -> 1.5 | R12: =IF(A12="","", (IF(N12="Main Skill Chance",2,0)) + (IF(O12="Main Skill Chance",-2,0)) + (IF(N12="EXP Gains",1,0)) + (IF(O12="EXP Gains",-1,0)) + (COUNTIF(H12:L12,"Skill Trigger S")*1) + (COUNTIF(H12:L12,"Skill Trigger M")*2) + (COUNTIF(H12:L12,"Skill Level Up S")*1) + (COUNTIF(H12:L12,"Skill Level Up M")*2) + (COUNTIF(H12:L12,"Energy Recovery Bonus")*1.5) + (COUNTIF(H12:L12,"Sleep EXP Bonus")*1) + (COUNTIF(H12:L12,"Research EXP Bonus")*1) ) -> 1 | S12: =IF(A12="","", IF(AND(P12<=1, Q12<=1, R12<=1), "Bench", IF(AND(P12>=Q12, P12>=R12), "Berry", IF(AND(Q12>=P12, Q12>=R12), "Ingredient", "Skill"))) ) -> Berry | T12: =IF(A12="","", MAX(P12,Q12,R12) + IF(OR(N12="Speed of Help",N12="Ingredient Finding",N12="Main Skill Chance"),1,0) + IF(N12="Neutral",0, IF(O12="Neutral",0.5,0)) + IF(B12>=10,0.5,0) ) -> 3 | U12: =IF(A12="","", IF(T12>=7, "⭐ Keep", IF(T12>=5, "📈 Level Up", IF(T12>=3, "🤔 Bench", "❌ Transfer"))) ) -> 🤔 Bench | V12: =IF(A12="","", _xlfn.TEXTJOIN("; ",TRUE, IF(A12="Pikachu","Evolve naar Raichu = snelste berry helper!",""), IF(A12="Pichu","Evolve → Pikachu → Raichu (top berry)",""), IF(A12="Eevee","Sylveon (skill) of Jolteon (berry) = top evoluties",""), IF(A12="Igglybuff","Evolve → Wigglytuff = Energy for Everyone S (top skill!)",""), IF(A12="Squirtle","Kanto starter: 2x ingrediënten + Ingredient Magnet S",""), IF(A12="Charmander","Evolve → Charizard = snelle berry+ingredient verzamelaar",""), IF(A12="Bulbasaur","Kanto starter: 2x ingrediënten + Ingredient Magnet S",""), IF(A12="Growlithe","Evolve → Arcanine = sterke all-rounder",""), IF(A12="Mareep","Evolve → Ampharos = hoge frequentie + waardevolle ingrediënten",""), IF(A12="Spheal","Evolve → Walrein = key voor Snowdrop Tundra (berry+ingr)",""), IF(A12="Riolu","Evolve → Lucario = sterke fighter",""), IF(A12="Togepi","Let op: Togekiss Metronome is onbetrouwbaar",""), IF(A12="Totodile","Evolve → Feraligatr = top berry voor Cyan Beach",""), IF(A12="Magnemite","Evolve → Magnezone = sterke skill helper",""), IF(A12="Ivysaur","Evolve → Venusaur = 2x ingrediënten specialist",""), IF(OR(N12="Neutral",O12="Neutral"),"Neutrale nature = ok maar niet ideaal",""), IF(AND(N12="Speed of Help",OR(S12="Berry",S12="Ingredient")),"Perfecte nature voor "&S12&" team!",""), IF(AND(N12="Ingredient Finding",S12="Ingredient"),"Perfecte nature voor Ingredient team!",""), IF(AND(N12="Main Skill Chance",S12="Skill"),"Perfecte nature voor Skill team!",""), IF(AND(O12="Speed of Help",S12="Berry"),"Let op: Speed of Help NEGATIEF schaadt berry-prestatie",""), IF(AND(O12="Ingredient Finding",S12="Ingredient"),"Let op: Ingredient Finding NEGATIEF schaadt ingredient-prestatie","") )) -> Neutrale nature = ok maar niet ideaal
A13: Igglybuff | B13: 4 | C13: Fairy | D13: =IF(C13="","",VLOOKUP(C13,Referentie!$A$2:$B$19,2,0)) -> Pecha | E13: Honey | F13: Pure Oil | G13: Honey | H13: Ingredient Finder M | I13: Skill Level Up S | J13: Skill Trigger S | K13: Inventory Up S | L13: Skill Level Up M | M13: Rash | N13: =IF(M13="","",VLOOKUP(M13,Referentie!$G$2:$I$26,2,0)) -> Ingredient Finding | O13: =IF(M13="","",VLOOKUP(M13,Referentie!$G$2:$I$26,3,0)) -> Main Skill Chance | P13: =IF(A13="","", (IF(N13="Speed of Help",2,0)) + (IF(O13="Speed of Help",-2,0)) + (IF(N13="EXP Gains",1,0)) + (IF(O13="EXP Gains",-1,0)) + (COUNTIF(H13:L13,"Helping Speed S")*1) + (COUNTIF(H13:L13,"Helping Speed M")*2) + (COUNTIF(H13:L13,"Berry Finding S")*2) + (COUNTIF(H13:L13,"Helping Bonus")*1) + (IF(O13="Ingredient Finding",0,0)) + (IF(O13="Main Skill Chance",0,0)) ) -> 0 | Q13: =IF(A13="","", (IF(N13="Ingredient Finding",2,0)) + (IF(O13="Ingredient Finding",-2,0)) + (IF(N13="EXP Gains",1,0)) + (IF(O13="EXP Gains",-1,0)) + (COUNTIF(H13:L13,"Ingredient Finder S")*1) + (COUNTIF(H13:L13,"Ingredient Finder M")*2) + (COUNTIF(H13:L13,"Inventory Up S")*0.5) + (COUNTIF(H13:L13,"Inventory Up M")*1) + (COUNTIF(H13:L13,"Inventory Up L")*1.5) + (IF(E13=F13,1,0)) + (IF(F13=G13,1,0)) ) -> 4.5 | R13: =IF(A13="","", (IF(N13="Main Skill Chance",2,0)) + (IF(O13="Main Skill Chance",-2,0)) + (IF(N13="EXP Gains",1,0)) + (IF(O13="EXP Gains",-1,0)) + (COUNTIF(H13:L13,"Skill Trigger S")*1) + (COUNTIF(H13:L13,"Skill Trigger M")*2) + (COUNTIF(H13:L13,"Skill Level Up S")*1) + (COUNTIF(H13:L13,"Skill Level Up M")*2) + (COUNTIF(H13:L13,"Energy Recovery Bonus")*1.5) + (COUNTIF(H13:L13,"Sleep EXP Bonus")*1) + (COUNTIF(H13:L13,"Research EXP Bonus")*1) ) -> 2 | S13: =IF(A13="","", IF(AND(P13<=1, Q13<=1, R13<=1), "Bench", IF(AND(P13>=Q13, P13>=R13), "Berry", IF(AND(Q13>=P13, Q13>=R13), "Ingredient", "Skill"))) ) -> Ingredient | T13: =IF(A13="","", MAX(P13,Q13,R13) + IF(OR(N13="Speed of Help",N13="Ingredient Finding",N13="Main Skill Chance"),1,0) + IF(N13="Neutral",0, IF(O13="Neutral",0.5,0)) + IF(B13>=10,0.5,0) ) -> 5.5 | U13: =IF(A13="","", IF(T13>=7, "⭐ Keep", IF(T13>=5, "📈 Level Up", IF(T13>=3, "🤔 Bench", "❌ Transfer"))) ) -> 📈 Level Up | V13: =IF(A13="","", _xlfn.TEXTJOIN("; ",TRUE, IF(A13="Pikachu","Evolve naar Raichu = snelste berry helper!",""), IF(A13="Pichu","Evolve → Pikachu → Raichu (top berry)",""), IF(A13="Eevee","Sylveon (skill) of Jolteon (berry) = top evoluties",""), IF(A13="Igglybuff","Evolve → Wigglytuff = Energy for Everyone S (top skill!)",""), IF(A13="Squirtle","Kanto starter: 2x ingrediënten + Ingredient Magnet S",""), IF(A13="Charmander","Evolve → Charizard = snelle berry+ingredient verzamelaar",""), IF(A13="Bulbasaur","Kanto starter: 2x ingrediënten + Ingredient Magnet S",""), IF(A13="Growlithe","Evolve → Arcanine = sterke all-rounder",""), IF(A13="Mareep","Evolve → Ampharos = hoge frequentie + waardevolle ingrediënten",""), IF(A13="Spheal","Evolve → Walrein = key voor Snowdrop Tundra (berry+ingr)",""), IF(A13="Riolu","Evolve → Lucario = sterke fighter",""), IF(A13="Togepi","Let op: Togekiss Metronome is onbetrouwbaar",""), IF(A13="Totodile","Evolve → Feraligatr = top berry voor Cyan Beach",""), IF(A13="Magnemite","Evolve → Magnezone = sterke skill helper",""), IF(A13="Ivysaur","Evolve → Venusaur = 2x ingrediënten specialist",""), IF(OR(N13="Neutral",O13="Neutral"),"Neutrale nature = ok maar niet ideaal",""), IF(AND(N13="Speed of Help",OR(S13="Berry",S13="Ingredient")),"Perfecte nature voor "&S13&" team!",""), IF(AND(N13="Ingredient Finding",S13="Ingredient"),"Perfecte nature voor Ingredient team!",""), IF(AND(N13="Main Skill Chance",S13="Skill"),"Perfecte nature voor Skill team!",""), IF(AND(O13="Speed of Help",S13="Berry"),"Let op: Speed of Help NEGATIEF schaadt berry-prestatie",""), IF(AND(O13="Ingredient Finding",S13="Ingredient"),"Let op: Ingredient Finding NEGATIEF schaadt ingredient-prestatie","") )) -> Evolve → Wigglytuff = Energy for Everyone S (top skill!); Perfecte nature voor Ingredient team!
... A55: Wynaut | B55: 8 | C55: Psychic | D55: =IF(C55="","",VLOOKUP(C55,Referentie!$A$2:$B$19,2,0)) -> Mago | E55: Fancy Apple | F55: Tasty Mushroom | G55: Pure Oil | H55: Inventory Up L | I55: Berry Finding S | J55: Inventory Up S | K55: Ingredient Finder S | L55: Skill Trigger S | M55: Sassy | N55: =IF(M55="","",VLOOKUP(M55,Referentie!$G$2:$I$26,2,0)) -> Main Skill Chance | O55: =IF(M55="","",VLOOKUP(M55,Referentie!$G$2:$I$26,3,0)) -> EXP Gains | P55: =IF(A55="","", (IF(N55="Speed of Help",2,0)) + (IF(O55="Speed of Help",-2,0)) + (IF(N55="EXP Gains",1,0)) + (IF(O55="EXP Gains",-1,0)) + (COUNTIF(H55:L55,"Helping Speed S")*1) + (COUNTIF(H55:L55,"Helping Speed M")*2) + (COUNTIF(H55:L55,"Berry Finding S")*2) + (COUNTIF(H55:L55,"Helping Bonus")*1) + (IF(O55="Ingredient Finding",0,0)) + (IF(O55="Main Skill Chance",0,0)) ) -> 1 | Q55: =IF(A55="","", (IF(N55="Ingredient Finding",2,0)) + (IF(O55="Ingredient Finding",-2,0)) + (IF(N55="EXP Gains",1,0)) + (IF(O55="EXP Gains",-1,0)) + (COUNTIF(H55:L55,"Ingredient Finder S")*1) + (COUNTIF(H55:L55,"Ingredient Finder M")*2) + (COUNTIF(H55:L55,"Inventory Up S")*0.5) + (COUNTIF(H55:L55,"Inventory Up M")*1) + (COUNTIF(H55:L55,"Inventory Up L")*1.5) + (IF(E55=F55,1,0)) + (IF(F55=G55,1,0)) ) -> 2 | R55: =IF(A55="","", (IF(N55="Main Skill Chance",2,0)) + (IF(O55="Main Skill Chance",-2,0)) + (IF(N55="EXP Gains",1,0)) + (IF(O55="EXP Gains",-1,0)) + (COUNTIF(H55:L55,"Skill Trigger S")*1) + (COUNTIF(H55:L55,"Skill Trigger M")*2) + (COUNTIF(H55:L55,"Skill Level Up S")*1) + (COUNTIF(H55:L55,"Skill Level Up M")*2) + (COUNTIF(H55:L55,"Energy Recovery Bonus")*1.5) + (COUNTIF(H55:L55,"Sleep EXP Bonus")*1) + (COUNTIF(H55:L55,"Research EXP Bonus")*1) ) -> 2 | S55: =IF(A55="","", IF(AND(P55<=1, Q55<=1, R55<=1), "Bench", IF(AND(P55>=Q55, P55>=R55), "Berry", IF(AND(Q55>=P55, Q55>=R55), "Ingredient", "Skill"))) ) -> Ingredient | T55: =IF(A55="","", MAX(P55,Q55,R55) + IF(OR(N55="Speed of Help",N55="Ingredient Finding",N55="Main Skill Chance"),1,0) + IF(N55="Neutral",0, IF(O55="Neutral",0.5,0)) + IF(B55>=10,0.5,0) ) -> 3 | U55: =IF(A55="","", IF(T55>=7, "⭐ Keep", IF(T55>=5, "📈 Level Up", IF(T55>=3, "🤔 Bench", "❌ Transfer"))) ) -> 🤔 Bench | V55: =IF(A55="","", _xlfn.TEXTJOIN("; ",TRUE, IF(A55="Pikachu","Evolve naar Raichu = snelste berry helper!",""), IF(A55="Pichu","Evolve → Pikachu → Raichu (top berry)",""), IF(A55="Eevee","Sylveon (skill) of Jolteon (berry) = top evoluties",""), IF(A55="Igglybuff","Evolve → Wigglytuff = Energy for Everyone S (top skill!)",""), IF(A55="Squirtle","Kanto starter: 2x ingrediënten + Ingredient Magnet S",""), IF(A55="Charmander","Evolve → Charizard = snelle berry+ingredient verzamelaar",""), IF(A55="Bulbasaur","Kanto starter: 2x ingrediënten + Ingredient Magnet S",""), IF(A55="Growlithe","Evolve → Arcanine = sterke all-rounder",""), IF(A55="Mareep","Evolve → Ampharos = hoge frequentie + waardevolle ingrediënten",""), IF(A55="Spheal","Evolve → Walrein = key voor Snowdrop Tundra (berry+ingr)",""), IF(A55="Riolu","Evolve → Lucario = sterke fighter",""), IF(A55="Togepi","Let op: Togekiss Metronome is onbetrouwbaar",""), IF(A55="Totodile","Evolve → Feraligatr = top berry voor Cyan Beach",""), IF(A55="Magnemite","Evolve → Magnezone = sterke skill helper",""), IF(A55="Ivysaur","Evolve → Venusaur = 2x ingrediënten specialist",""), IF(OR(N55="Neutral",O55="Neutral"),"Neutrale nature = ok maar niet ideaal",""), IF(AND(N55="Speed of Help",OR(S55="Berry",S55="Ingredient")),"Perfecte nature voor "&S55&" team!",""), IF(AND(N55="Ingredient Finding",S55="Ingredient"),"Perfecte nature voor Ingredient team!",""), IF(AND(N55="Main Skill Chance",S55="Skill"),"Perfecte nature voor Skill team!",""), IF(AND(O55="Speed of Help",S55="Berry"),"Let op: Speed of Help NEGATIEF schaadt berry-prestatie",""), IF(AND(O55="Ingredient Finding",S55="Ingredient"),"Let op: Ingredient Finding NEGATIEF schaadt ingredient-prestatie","") ))
D56: =IF(C56="","",VLOOKUP(C56,Referentie!$A$2:$B$19,2,0)) | N56: =IF(M56="","",VLOOKUP(M56,Referentie!$G$2:$I$26,2,0)) | O56: =IF(M56="","",VLOOKUP(M56,Referentie!$G$2:$I$26,3,0)) | P56: =IF(A56="","", (IF(N56="Speed of Help",2,0)) + (IF(O56="Speed of Help",-2,0)) + (IF(N56="EXP Gains",1,0)) + (IF(O56="EXP Gains",-1,0)) + (COUNTIF(H56:L56,"Helping Speed S")*1) + (COUNTIF(H56:L56,"Helping Speed M")*2) + (COUNTIF(H56:L56,"Berry Finding S")*2) + (COUNTIF(H56:L56,"Helping Bonus")*1) + (IF(O56="Ingredient Finding",0,0)) + (IF(O56="Main Skill Chance",0,0)) ) | Q56: =IF(A56="","", (IF(N56="Ingredient Finding",2,0)) + (IF(O56="Ingredient Finding",-2,0)) + (IF(N56="EXP Gains",1,0)) + (IF(O56="EXP Gains",-1,0)) + (COUNTIF(H56:L56,"Ingredient Finder S")*1) + (COUNTIF(H56:L56,"Ingredient Finder M")*2) + (COUNTIF(H56:L56,"Inventory Up S")*0.5) + (COUNTIF(H56:L56,"Inventory Up M")*1) + (COUNTIF(H56:L56,"Inventory Up L")*1.5) + (IF(E56=F56,1,0)) + (IF(F56=G56,1,0)) ) | R56: =IF(A56="","", (IF(N56="Main Skill Chance",2,0)) + (IF(O56="Main Skill Chance",-2,0)) + (IF(N56="EXP Gains",1,0)) + (IF(O56="EXP Gains",-1,0)) + (COUNTIF(H56:L56,"Skill Trigger S")*1) + (COUNTIF(H56:L56,"Skill Trigger M")*2) + (COUNTIF(H56:L56,"Skill Level Up S")*1) + (COUNTIF(H56:L56,"Skill Level Up M")*2) + (COUNTIF(H56:L56,"Energy Recovery Bonus")*1.5) + (COUNTIF(H56:L56,"Sleep EXP Bonus")*1) + (COUNTIF(H56:L56,"Research EXP Bonus")*1) ) | S56: =IF(A56="","", IF(AND(P56<=1, Q56<=1, R56<=1), "Bench", IF(AND(P56>=Q56, P56>=R56), "Berry", IF(AND(Q56>=P56, Q56>=R56), "Ingredient", "Skill"))) ) | T56: =IF(A56="","", MAX(P56,Q56,R56) + IF(OR(N56="Speed of Help",N56="Ingredient Finding",N56="Main Skill Chance"),1,0) + IF(N56="Neutral",0, IF(O56="Neutral",0.5,0)) + IF(B56>=10,0.5,0) ) | U56: =IF(A56="","", IF(T56>=7, "⭐ Keep", IF(T56>=5, "📈 Level Up", IF(T56>=3, "🤔 Bench", "❌ Transfer"))) ) | V56: =IF(A56="","", _xlfn.TEXTJOIN("; ",TRUE, IF(A56="Pikachu","Evolve naar Raichu = snelste berry helper!",""), IF(A56="Pichu","Evolve → Pikachu → Raichu (top berry)",""), IF(A56="Eevee","Sylveon (skill) of Jolteon (berry) = top evoluties",""), IF(A56="Igglybuff","Evolve → Wigglytuff = Energy for Everyone S (top skill!)",""), IF(A56="Squirtle","Kanto starter: 2x ingrediënten + Ingredient Magnet S",""), IF(A56="Charmander","Evolve → Charizard = snelle berry+ingredient verzamelaar",""), IF(A56="Bulbasaur","Kanto starter: 2x ingrediënten + Ingredient Magnet S",""), IF(A56="Growlithe","Evolve → Arcanine = sterke all-rounder",""), IF(A56="Mareep","Evolve → Ampharos = hoge frequentie + waardevolle ingrediënten",""), IF(A56="Spheal","Evolve → Walrein = key voor Snowdrop Tundra (berry+ingr)",""), IF(A56="Riolu","Evolve → Lucario = sterke fighter",""), IF(A56="Togepi","Let op: Togekiss Metronome is onbetrouwbaar",""), IF(A56="Totodile","Evolve → Feraligatr = top berry voor Cyan Beach",""), IF(A56="Magnemite","Evolve → Magnezone = sterke skill helper",""), IF(A56="Ivysaur","Evolve → Venusaur = 2x ingrediënten specialist",""), IF(OR(N56="Neutral",O56="Neutral"),"Neutrale nature = ok maar niet ideaal",""), IF(AND(N56="Speed of Help",OR(S56="Berry",S56="Ingredient")),"Perfecte nature voor "&S56&" team!",""), IF(AND(N56="Ingredient Finding",S56="Ingredient"),"Perfecte nature voor Ingredient team!",""), IF(AND(N56="Main Skill Chance",S56="Skill"),"Perfecte nature voor Skill team!",""), IF(AND(O56="Speed of Help",S56="Berry"),"Let op: Speed of Help NEGATIEF schaadt berry-prestatie",""), IF(AND(O56="Ingredient Finding",S56="Ingredient"),"Let op: Ingredient Finding NEGATIEF schaadt ingredient-prestatie","") ))
D57: =IF(C57="","",VLOOKUP(C57,Referentie!$A$2:$B$19,2,0)) | N57: =IF(M57="","",VLOOKUP(M57,Referentie!$G$2:$I$26,2,0)) | O57: =IF(M57="","",VLOOKUP(M57,Referentie!$G$2:$I$26,3,0)) | P57: =IF(A57="","", (IF(N57="Speed of Help",2,0)) + (IF(O57="Speed of Help",-2,0)) + (IF(N57="EXP Gains",1,0)) + (IF(O57="EXP Gains",-1,0)) + (COUNTIF(H57:L57,"Helping Speed S")*1) + (COUNTIF(H57:L57,"Helping Speed M")*2) + (COUNTIF(H57:L57,"Berry Finding S")*2) + (COUNTIF(H57:L57,"Helping Bonus")*1) + (IF(O57="Ingredient Finding",0,0)) + (IF(O57="Main Skill Chance",0,0)) ) | Q57: =IF(A57="","", (IF(N57="Ingredient Finding",2,0)) + (IF(O57="Ingredient Finding",-2,0)) + (IF(N57="EXP Gains",1,0)) + (IF(O57="EXP Gains",-1,0)) + (COUNTIF(H57:L57,"Ingredient Finder S")*1) + (COUNTIF(H57:L57,"Ingredient Finder M")*2) + (COUNTIF(H57:L57,"Inventory Up S")*0.5) + (COUNTIF(H57:L57,"Inventory Up M")*1) + (COUNTIF(H57:L57,"Inventory Up L")*1.5) + (IF(E57=F57,1,0)) + (IF(F57=G57,1,0)) ) | R57: =IF(A57="","", (IF(N57="Main Skill Chance",2,0)) + (IF(O57="Main Skill Chance",-2,0)) + (IF(N57="EXP Gains",1,0)) + (IF(O57="EXP Gains",-1,0)) + (COUNTIF(H57:L57,"Skill Trigger S")*1) + (COUNTIF(H57:L57,"Skill Trigger M")*2) + (COUNTIF(H57:L57,"Skill Level Up S")*1) + (COUNTIF(H57:L57,"Skill Level Up M")*2) + (COUNTIF(H57:L57,"Energy Recovery Bonus")*1.5) + (COUNTIF(H57:L57,"Sleep EXP Bonus")*1) + (COUNTIF(H57:L57,"Research EXP Bonus")*1) ) | S57: =IF(A57="","", IF(AND(P57<=1, Q57<=1, R57<=1), "Bench", IF(AND(P57>=Q57, P57>=R57), "Berry", IF(AND(Q57>=P57, Q57>=R57), "Ingredient", "Skill"))) ) | T57: =IF(A57="","", MAX(P57,Q57,R57) + IF(OR(N57="Speed of Help",N57="Ingredient Finding",N57="Main Skill Chance"),1,0) + IF(N57="Neutral",0, IF(O57="Neutral",0.5,0)) + IF(B57>=10,0.5,0) ) | U57: =IF(A57="","", IF(T57>=7, "⭐ Keep", IF(T57>=5, "📈 Level Up", IF(T57>=3, "🤔 Bench", "❌ Transfer"))) ) | V57: =IF(A57="","", _xlfn.TEXTJOIN("; ",TRUE, IF(A57="Pikachu","Evolve naar Raichu = snelste berry helper!",""), IF(A57="Pichu","Evolve → Pikachu → Raichu (top berry)",""), IF(A57="Eevee","Sylveon (skill) of Jolteon (berry) = top evoluties",""), IF(A57="Igglybuff","Evolve → Wigglytuff = Energy for Everyone S (top skill!)",""), IF(A57="Squirtle","Kanto starter: 2x ingrediënten + Ingredient Magnet S",""), IF(A57="Charmander","Evolve → Charizard = snelle berry+ingredient verzamelaar",""), IF(A57="Bulbasaur","Kanto starter: 2x ingrediënten + Ingredient Magnet S",""), IF(A57="Growlithe","Evolve → Arcanine = sterke all-rounder",""), IF(A57="Mareep","Evolve → Ampharos = hoge frequentie + waardevolle ingrediënten",""), IF(A57="Spheal","Evolve → Walrein = key voor Snowdrop Tundra (berry+ingr)",""), IF(A57="Riolu","Evolve → Lucario = sterke fighter",""), IF(A57="Togepi","Let op: Togekiss Metronome is onbetrouwbaar",""), IF(A57="Totodile","Evolve → Feraligatr = top berry voor Cyan Beach",""), IF(A57="Magnemite","Evolve → Magnezone = sterke skill helper",""), IF(A57="Ivysaur","Evolve → Venusaur = 2x ingrediënten specialist",""), IF(OR(N57="Neutral",O57="Neutral"),"Neutrale nature = ok maar niet ideaal",""), IF(AND(N57="Speed of Help",OR(S57="Berry",S57="Ingredient")),"Perfecte nature voor "&S57&" team!",""), IF(AND(N57="Ingredient Finding",S57="Ingredient"),"Perfecte nature voor Ingredient team!",""), IF(AND(N57="Main Skill Chance",S57="Skill"),"Perfecte nature voor Skill team!",""), IF(AND(O57="Speed of Help",S57="Berry"),"Let op: Speed of Help NEGATIEF schaadt berry-prestatie",""), IF(AND(O57="Ingredient Finding",S57="Ingredient"),"Let op: Ingredient Finding NEGATIEF schaadt ingredient-prestatie","") ))
D58: =IF(C58="","",VLOOKUP(C58,Referentie!$A$2:$B$19,2,0)) | N58: =IF(M58="","",VLOOKUP(M58,Referentie!$G$2:$I$26,2,0)) | O58: =IF(M58="","",VLOOKUP(M58,Referentie!$G$2:$I$26,3,0)) | P58: =IF(A58="","", (IF(N58="Speed of Help",2,0)) + (IF(O58="Speed of Help",-2,0)) + (IF(N58="EXP Gains",1,0)) + (IF(O58="EXP Gains",-1,0)) + (COUNTIF(H58:L58,"Helping Speed S")*1) + (COUNTIF(H58:L58,"Helping Speed M")*2) + (COUNTIF(H58:L58,"Berry Finding S")*2) + (COUNTIF(H58:L58,"Helping Bonus")*1) + (IF(O58="Ingredient Finding",0,0)) + (IF(O58="Main Skill Chance",0,0)) ) | Q58: =IF(A58="","", (IF(N58="Ingredient Finding",2,0)) + (IF(O58="Ingredient Finding",-2,0)) + (IF(N58="EXP Gains",1,0)) + (IF(O58="EXP Gains",-1,0)) + (COUNTIF(H58:L58,"Ingredient Finder S")*1) + (COUNTIF(H58:L58,"Ingredient Finder M")*2) + (COUNTIF(H58:L58,"Inventory Up S")*0.5) + (COUNTIF(H58:L58,"Inventory Up M")*1) + (COUNTIF(H58:L58,"Inventory Up L")*1.5) + (IF(E58=F58,1,0)) + (IF(F58=G58,1,0)) ) | R58: =IF(A58="","", (IF(N58="Main Skill Chance",2,0)) + (IF(O58="Main Skill Chance",-2,0)) + (IF(N58="EXP Gains",1,0)) + (IF(O58="EXP Gains",-1,0)) + (COUNTIF(H58:L58,"Skill Trigger S")*1) + (COUNTIF(H58:L58,"Skill Trigger M")*2) + (COUNTIF(H58:L58,"Skill Level Up S")*1) + (COUNTIF(H58:L58,"Skill Level Up M")*2) + (COUNTIF(H58:L58,"Energy Recovery Bonus")*1.5) + (COUNTIF(H58:L58,"Sleep EXP Bonus")*1) + (COUNTIF(H58:L58,"Research EXP Bonus")*1) ) | S58: =IF(A58="","", IF(AND(P58<=1, Q58<=1, R58<=1), "Bench", IF(AND(P58>=Q58, P58>=R58), "Berry", IF(AND(Q58>=P58, Q58>=R58), "Ingredient", "Skill"))) ) | T58: =IF(A58="","", MAX(P58,Q58,R58) + IF(OR(N58="Speed of Help",N58="Ingredient Finding",N58="Main Skill Chance"),1,0) + IF(N58="Neutral",0, IF(O58="Neutral",0.5,0)) + IF(B58>=10,0.5,0) ) | U58: =IF(A58="","", IF(T58>=7, "⭐ Keep", IF(T58>=5, "📈 Level Up", IF(T58>=3, "🤔 Bench", "❌ Transfer"))) ) | V58: =IF(A58="","", _xlfn.TEXTJOIN("; ",TRUE, IF(A58="Pikachu","Evolve naar Raichu = snelste berry helper!",""), IF(A58="Pichu","Evolve → Pikachu → Raichu (top berry)",""), IF(A58="Eevee","Sylveon (skill) of Jolteon (berry) = top evoluties",""), IF(A58="Igglybuff","Evolve → Wigglytuff = Energy for Everyone S (top skill!)",""), IF(A58="Squirtle","Kanto starter: 2x ingrediënten + Ingredient Magnet S",""), IF(A58="Charmander","Evolve → Charizard = snelle berry+ingredient verzamelaar",""), IF(A58="Bulbasaur","Kanto starter: 2x ingrediënten + Ingredient Magnet S",""), IF(A58="Growlithe","Evolve → Arcanine = sterke all-rounder",""), IF(A58="Mareep","Evolve → Ampharos = hoge frequentie + waardevolle ingrediënten",""), IF(A58="Spheal","Evolve → Walrein = key voor Snowdrop Tundra (berry+ingr)",""), IF(A58="Riolu","Evolve → Lucario = sterke fighter",""), IF(A58="Togepi","Let op: Togekiss Metronome is onbetrouwbaar",""), IF(A58="Totodile","Evolve → Feraligatr = top berry voor Cyan Beach",""), IF(A58="Magnemite","Evolve → Magnezone = sterke skill helper",""), IF(A58="Ivysaur","Evolve → Venusaur = 2x ingrediënten specialist",""), IF(OR(N58="Neutral",O58="Neutral"),"Neutrale nature = ok maar niet ideaal",""), IF(AND(N58="Speed of Help",OR(S58="Berry",S58="Ingredient")),"Perfecte nature voor "&S58&" team!",""), IF(AND(N58="Ingredient Finding",S58="Ingredient"),"Perfecte nature voor Ingredient team!",""), IF(AND(N58="Main Skill Chance",S58="Skill"),"Perfecte nature voor Skill team!",""), IF(AND(O58="Speed of Help",S58="Berry"),"Let op: Speed of Help NEGATIEF schaadt berry-prestatie",""), IF(AND(O58="Ingredient Finding",S58="Ingredient"),"Let op: Ingredient Finding NEGATIEF schaadt ingredient-prestatie","") ))
D59: =IF(C59="","",VLOOKUP(C59,Referentie!$A$2:$B$19,2,0)) | N59: =IF(M59="","",VLOOKUP(M59,Referentie!$G$2:$I$26,2,0)) | O59: =IF(M59="","",VLOOKUP(M59,Referentie!$G$2:$I$26,3,0)) | P59: =IF(A59="","", (IF(N59="Speed of Help",2,0)) + (IF(O59="Speed of Help",-2,0)) + (IF(N59="EXP Gains",1,0)) + (IF(O59="EXP Gains",-1,0)) + (COUNTIF(H59:L59,"Helping Speed S")*1) + (COUNTIF(H59:L59,"Helping Speed M")*2) + (COUNTIF(H59:L59,"Berry Finding S")*2) + (COUNTIF(H59:L59,"Helping Bonus")*1) + (IF(O59="Ingredient Finding",0,0)) + (IF(O59="Main Skill Chance",0,0)) ) | Q59: =IF(A59="","", (IF(N59="Ingredient Finding",2,0)) + (IF(O59="Ingredient Finding",-2,0)) + (IF(N59="EXP Gains",1,0)) + (IF(O59="EXP Gains",-1,0)) + (COUNTIF(H59:L59,"Ingredient Finder S")*1) + (COUNTIF(H59:L59,"Ingredient Finder M")*2) + (COUNTIF(H59:L59,"Inventory Up S")*0.5) + (COUNTIF(H59:L59,"Inventory Up M")*1) + (COUNTIF(H59:L59,"Inventory Up L")*1.5) + (IF(E59=F59,1,0)) + (IF(F59=G59,1,0)) ) | R59: =IF(A59="","", (IF(N59="Main Skill Chance",2,0)) + (IF(O59="Main Skill Chance",-2,0)) + (IF(N59="EXP Gains",1,0)) + (IF(O59="EXP Gains",-1,0)) + (COUNTIF(H59:L59,"Skill Trigger S")*1) + (COUNTIF(H59:L59,"Skill Trigger M")*2) + (COUNTIF(H59:L59,"Skill Level Up S")*1) + (COUNTIF(H59:L59,"Skill Level Up M")*2) + (COUNTIF(H59:L59,"Energy Recovery Bonus")*1.5) + (COUNTIF(H59:L59,"Sleep EXP Bonus")*1) + (COUNTIF(H59:L59,"Research EXP Bonus")*1) ) | S59: =IF(A59="","", IF(AND(P59<=1, Q59<=1, R59<=1), "Bench", IF(AND(P59>=Q59, P59>=R59), "Berry", IF(AND(Q59>=P59, Q59>=R59), "Ingredient", "Skill"))) ) | T59: =IF(A59="","", MAX(P59,Q59,R59) + IF(OR(N59="Speed of Help",N59="Ingredient Finding",N59="Main Skill Chance"),1,0) + IF(N59="Neutral",0, IF(O59="Neutral",0.5,0)) + IF(B59>=10,0.5,0) ) | U59: =IF(A59="","", IF(T59>=7, "⭐ Keep", IF(T59>=5, "📈 Level Up", IF(T59>=3, "🤔 Bench", "❌ Transfer"))) ) | V59: =IF(A59="","", _xlfn.TEXTJOIN("; ",TRUE, IF(A59="Pikachu","Evolve naar Raichu = snelste berry helper!",""), IF(A59="Pichu","Evolve → Pikachu → Raichu (top berry)",""), IF(A59="Eevee","Sylveon (skill) of Jolteon (berry) = top evoluties",""), IF(A59="Igglybuff","Evolve → Wigglytuff = Energy for Everyone S (top skill!)",""), IF(A59="Squirtle","Kanto starter: 2x ingrediënten + Ingredient Magnet S",""), IF(A59="Charmander","Evolve → Charizard = snelle berry+ingredient verzamelaar",""), IF(A59="Bulbasaur","Kanto starter: 2x ingrediënten + Ingredient Magnet S",""), IF(A59="Growlithe","Evolve → Arcanine = sterke all-rounder",""), IF(A59="Mareep","Evolve → Ampharos = hoge frequentie + waardevolle ingrediënten",""), IF(A59="Spheal","Evolve → Walrein = key voor Snowdrop Tundra (berry+ingr)",""), IF(A59="Riolu","Evolve → Lucario = sterke fighter",""), IF(A59="Togepi","Let op: Togekiss Metronome is onbetrouwbaar",""), IF(A59="Totodile","Evolve → Feraligatr = top berry voor Cyan Beach",""), IF(A59="Magnemite","Evolve → Magnezone = sterke skill helper",""), IF(A59="Ivysaur","Evolve → Venusaur = 2x ingrediënten specialist",""), IF(OR(N59="Neutral",O59="Neutral"),"Neutrale nature = ok maar niet ideaal",""), IF(AND(N59="Speed of Help",OR(S59="Berry",S59="Ingredient")),"Perfecte nature voor "&S59&" team!",""), IF(AND(N59="Ingredient Finding",S59="Ingredient"),"Perfecte nature voor Ingredient team!",""), IF(AND(N59="Main Skill Chance",S59="Skill"),"Perfecte nature voor Skill team!",""), IF(AND(O59="Speed of Help",S59="Berry"),"Let op: Speed of Help NEGATIEF schaadt berry-prestatie",""), IF(AND(O59="Ingredient Finding",S59="Ingredient"),"Let op: Ingredient Finding NEGATIEF schaadt ingredient-prestatie","") ))
D60: =IF(C60="","",VLOOKUP(C60,Referentie!$A$2:$B$19,2,0)) | N60: =IF(M60="","",VLOOKUP(M60,Referentie!$G$2:$I$26,2,0)) | O60: =IF(M60="","",VLOOKUP(M60,Referentie!$G$2:$I$26,3,0)) | P60: =IF(A60="","", (IF(N60="Speed of Help",2,0)) + (IF(O60="Speed of Help",-2,0)) + (IF(N60="EXP Gains",1,0)) + (IF(O60="EXP Gains",-1,0)) + (COUNTIF(H60:L60,"Helping Speed S")*1) + (COUNTIF(H60:L60,"Helping Speed M")*2) + (COUNTIF(H60:L60,"Berry Finding S")*2) + (COUNTIF(H60:L60,"Helping Bonus")*1) + (IF(O60="Ingredient Finding",0,0)) + (IF(O60="Main Skill Chance",0,0)) ) | Q60: =IF(A60="","", (IF(N60="Ingredient Finding",2,0)) + (IF(O60="Ingredient Finding",-2,0)) + (IF(N60="EXP Gains",1,0)) + (IF(O60="EXP Gains",-1,0)) + (COUNTIF(H60:L60,"Ingredient Finder S")*1) + (COUNTIF(H60:L60,"Ingredient Finder M")*2) + (COUNTIF(H60:L60,"Inventory Up S")*0.5) + (COUNTIF(H60:L60,"Inventory Up M")*1) + (COUNTIF(H60:L60,"Inventory Up L")*1.5) + (IF(E60=F60,1,0)) + (IF(F60=G60,1,0)) ) | R60: =IF(A60="","", (IF(N60="Main Skill Chance",2,0)) + (IF(O60="Main Skill Chance",-2,0)) + (IF(N60="EXP Gains",1,0)) + (IF(O60="EXP Gains",-1,0)) + (COUNTIF(H60:L60,"Skill Trigger S")*1) + (COUNTIF(H60:L60,"Skill Trigger M")*2) + (COUNTIF(H60:L60,"Skill Level Up S")*1) + (COUNTIF(H60:L60,"Skill Level Up M")*2) + (COUNTIF(H60:L60,"Energy Recovery Bonus")*1.5) + (COUNTIF(H60:L60,"Sleep EXP Bonus")*1) + (COUNTIF(H60:L60,"Research EXP Bonus")*1) ) | S60: =IF(A60="","", IF(AND(P60<=1, Q60<=1, R60<=1), "Bench", IF(AND(P60>=Q60, P60>=R60), "Berry", IF(AND(Q60>=P60, Q60>=R60), "Ingredient", "Skill"))) ) | T60: =IF(A60="","", MAX(P60,Q60,R60) + IF(OR(N60="Speed of Help",N60="Ingredient Finding",N60="Main Skill Chance"),1,0) + IF(N60="Neutral",0, IF(O60="Neutral",0.5,0)) + IF(B60>=10,0.5,0) ) | U60: =IF(A60="","", IF(T60>=7, "⭐ Keep", IF(T60>=5, "📈 Level Up", IF(T60>=3, "🤔 Bench", "❌ Transfer"))) ) | V60: =IF(A60="","", _xlfn.TEXTJOIN("; ",TRUE, IF(A60="Pikachu","Evolve naar Raichu = snelste berry helper!",""), IF(A60="Pichu","Evolve → Pikachu → Raichu (top berry)",""), IF(A60="Eevee","Sylveon (skill) of Jolteon (berry) = top evoluties",""), IF(A60="Igglybuff","Evolve → Wigglytuff = Energy for Everyone S (top skill!)",""), IF(A60="Squirtle","Kanto starter: 2x ingrediënten + Ingredient Magnet S",""), IF(A60="Charmander","Evolve → Charizard = snelle berry+ingredient verzamelaar",""), IF(A60="Bulbasaur","Kanto starter: 2x ingrediënten + Ingredient Magnet S",""), IF(A60="Growlithe","Evolve → Arcanine = sterke all-rounder",""), IF(A60="Mareep","Evolve → Ampharos = hoge frequentie + waardevolle ingrediënten",""), IF(A60="Spheal","Evolve → Walrein = key voor Snowdrop Tundra (berry+ingr)",""), IF(A60="Riolu","Evolve → Lucario = sterke fighter",""), IF(A60="Togepi","Let op: Togekiss Metronome is onbetrouwbaar",""), IF(A60="Totodile","Evolve → Feraligatr = top berry voor Cyan Beach",""), IF(A60="Magnemite","Evolve → Magnezone = sterke skill helper",""), IF(A60="Ivysaur","Evolve → Venusaur = 2x ingrediënten specialist",""), IF(OR(N60="Neutral",O60="Neutral"),"Neutrale nature = ok maar niet ideaal",""), IF(AND(N60="Speed of Help",OR(S60="Berry",S60="Ingredient")),"Perfecte nature voor "&S60&" team!",""), IF(AND(N60="Ingredient Finding",S60="Ingredient"),"Perfecte nature voor Ingredient team!",""), IF(AND(N60="Main Skill Chance",S60="Skill"),"Perfecte nature voor Skill team!",""), IF(AND(O60="Speed of Help",S60="Berry"),"Let op: Speed of Help NEGATIEF schaadt berry-prestatie",""), IF(AND(O60="Ingredient Finding",S60="Ingredient"),"Let op: Ingredient Finding NEGATIEF schaadt ingredient-prestatie","") ))
D61: =IF(C61="","",VLOOKUP(C61,Referentie!$A$2:$B$19,2,0)) | N61: =IF(M61="","",VLOOKUP(M61,Referentie!$G$2:$I$26,2,0)) | O61: =IF(M61="","",VLOOKUP(M61,Referentie!$G$2:$I$26,3,0)) | P61: =IF(A61="","", (IF(N61="Speed of Help",2,0)) + (IF(O61="Speed of Help",-2,0)) + (IF(N61="EXP Gains",1,0)) + (IF(O61="EXP Gains",-1,0)) + (COUNTIF(H61:L61,"Helping Speed S")*1) + (COUNTIF(H61:L61,"Helping Speed M")*2) + (COUNTIF(H61:L61,"Berry Finding S")*2) + (COUNTIF(H61:L61,"Helping Bonus")*1) + (IF(O61="Ingredient Finding",0,0)) + (IF(O61="Main Skill Chance",0,0)) ) | Q61: =IF(A61="","", (IF(N61="Ingredient Finding",2,0)) + (IF(O61="Ingredient Finding",-2,0)) + (IF(N61="EXP Gains",1,0)) + (IF(O61="EXP Gains",-1,0)) + (COUNTIF(H61:L61,"Ingredient Finder S")*1) + (COUNTIF(H61:L61,"Ingredient Finder M")*2) + (COUNTIF(H61:L61,"Inventory Up S")*0.5) + (COUNTIF(H61:L61,"Inventory Up M")*1) + (COUNTIF(H61:L61,"Inventory Up L")*1.5) + (IF(E61=F61,1,0)) + (IF(F61=G61,1,0)) ) | R61: =IF(A61="","", (IF(N61="Main Skill Chance",2,0)) + (IF(O61="Main Skill Chance",-2,0)) + (IF(N61="EXP Gains",1,0)) + (IF(O61="EXP Gains",-1,0)) + (COUNTIF(H61:L61,"Skill Trigger S")*1) + (COUNTIF(H61:L61,"Skill Trigger M")*2) + (COUNTIF(H61:L61,"Skill Level Up S")*1) + (COUNTIF(H61:L61,"Skill Level Up M")*2) + (COUNTIF(H61:L61,"Energy Recovery Bonus")*1.5) + (COUNTIF(H61:L61,"Sleep EXP Bonus")*1) + (COUNTIF(H61:L61,"Research EXP Bonus")*1) ) | S61: =IF(A61="","", IF(AND(P61<=1, Q61<=1, R61<=1), "Bench", IF(AND(P61>=Q61, P61>=R61), "Berry", IF(AND(Q61>=P61, Q61>=R61), "Ingredient", "Skill"))) ) | T61: =IF(A61="","", MAX(P61,Q61,R61) + IF(OR(N61="Speed of Help",N61="Ingredient Finding",N61="Main Skill Chance"),1,0) + IF(N61="Neutral",0, IF(O61="Neutral",0.5,0)) + IF(B61>=10,0.5,0) ) | U61: =IF(A61="","", IF(T61>=7, "⭐ Keep", IF(T61>=5, "📈 Level Up", IF(T61>=3, "🤔 Bench", "❌ Transfer"))) ) | V61: =IF(A61="","", _xlfn.TEXTJOIN("; ",TRUE, IF(A61="Pikachu","Evolve naar Raichu = snelste berry helper!",""), IF(A61="Pichu","Evolve → Pikachu → Raichu (top berry)",""), IF(A61="Eevee","Sylveon (skill) of Jolteon (berry) = top evoluties",""), IF(A61="Igglybuff","Evolve → Wigglytuff = Energy for Everyone S (top skill!)",""), IF(A61="Squirtle","Kanto starter: 2x ingrediënten + Ingredient Magnet S",""), IF(A61="Charmander","Evolve → Charizard = snelle berry+ingredient verzamelaar",""), IF(A61="Bulbasaur","Kanto starter: 2x ingrediënten + Ingredient Magnet S",""), IF(A61="Growlithe","Evolve → Arcanine = sterke all-rounder",""), IF(A61="Mareep","Evolve → Ampharos = hoge frequentie + waardevolle ingrediënten",""), IF(A61="Spheal","Evolve → Walrein = key voor Snowdrop Tundra (berry+ingr)",""), IF(A61="Riolu","Evolve → Lucario = sterke fighter",""), IF(A61="Togepi","Let op: Togekiss Metronome is onbetrouwbaar",""), IF(A61="Totodile","Evolve → Feraligatr = top berry voor Cyan Beach",""), IF(A61="Magnemite","Evolve → Magnezone = sterke skill helper",""), IF(A61="Ivysaur","Evolve → Venusaur = 2x ingrediënten specialist",""), IF(OR(N61="Neutral",O61="Neutral"),"Neutrale nature = ok maar niet ideaal",""), IF(AND(N61="Speed of Help",OR(S61="Berry",S61="Ingredient")),"Perfecte nature voor "&S61&" team!",""), IF(AND(N61="Ingredient Finding",S61="Ingredient"),"Perfecte nature voor Ingredient team!",""), IF(AND(N61="Main Skill Chance",S61="Skill"),"Perfecte nature voor Skill team!",""), IF(AND(O61="Speed of Help",S61="Berry"),"Let op: Speed of Help NEGATIEF schaadt berry-prestatie",""), IF(AND(O61="Ingredient Finding",S61="Ingredient"),"Let op: Ingredient Finding NEGATIEF schaadt ingredient-prestatie","") ))
D62: =IF(C62="","",VLOOKUP(C62,Referentie!$A$2:$B$19,2,0)) | N62: =IF(M62="","",VLOOKUP(M62,Referentie!$G$2:$I$26,2,0)) | O62: =IF(M62="","",VLOOKUP(M62,Referentie!$G$2:$I$26,3,0)) | P62: =IF(A62="","", (IF(N62="Speed of Help",2,0)) + (IF(O62="Speed of Help",-2,0)) + (IF(N62="EXP Gains",1,0)) + (IF(O62="EXP Gains",-1,0)) + (COUNTIF(H62:L62,"Helping Speed S")*1) + (COUNTIF(H62:L62,"Helping Speed M")*2) + (COUNTIF(H62:L62,"Berry Finding S")*2) + (COUNTIF(H62:L62,"Helping Bonus")*1) + (IF(O62="Ingredient Finding",0,0)) + (IF(O62="Main Skill Chance",0,0)) ) | Q62: =IF(A62="","", (IF(N62="Ingredient Finding",2,0)) + (IF(O62="Ingredient Finding",-2,0)) + (IF(N62="EXP Gains",1,0)) + (IF(O62="EXP Gains",-1,0)) + (COUNTIF(H62:L62,"Ingredient Finder S")*1) + (COUNTIF(H62:L62,"Ingredient Finder M")*2) + (COUNTIF(H62:L62,"Inventory Up S")*0.5) + (COUNTIF(H62:L62,"Inventory Up M")*1) + (COUNTIF(H62:L62,"Inventory Up L")*1.5) + (IF(E62=F62,1,0)) + (IF(F62=G62,1,0)) ) | R62: =IF(A62="","", (IF(N62="Main Skill Chance",2,0)) + (IF(O62="Main Skill Chance",-2,0)) + (IF(N62="EXP Gains",1,0)) + (IF(O62="EXP Gains",-1,0)) + (COUNTIF(H62:L62,"Skill Trigger S")*1) + (COUNTIF(H62:L62,"Skill Trigger M")*2) + (COUNTIF(H62:L62,"Skill Level Up S")*1) + (COUNTIF(H62:L62,"Skill Level Up M")*2) + (COUNTIF(H62:L62,"Energy Recovery Bonus")*1.5) + (COUNTIF(H62:L62,"Sleep EXP Bonus")*1) + (COUNTIF(H62:L62,"Research EXP Bonus")*1) ) | S62: =IF(A62="","", IF(AND(P62<=1, Q62<=1, R62<=1), "Bench", IF(AND(P62>=Q62, P62>=R62), "Berry", IF(AND(Q62>=P62, Q62>=R62), "Ingredient", "Skill"))) ) | T62: =IF(A62="","", MAX(P62,Q62,R62) + IF(OR(N62="Speed of Help",N62="Ingredient Finding",N62="Main Skill Chance"),1,0) + IF(N62="Neutral",0, IF(O62="Neutral",0.5,0)) + IF(B62>=10,0.5,0) ) | U62: =IF(A62="","", IF(T62>=7, "⭐ Keep", IF(T62>=5, "📈 Level Up", IF(T62>=3, "🤔 Bench", "❌ Transfer"))) ) | V62: =IF(A62="","", _xlfn.TEXTJOIN("; ",TRUE, IF(A62="Pikachu","Evolve naar Raichu = snelste berry helper!",""), IF(A62="Pichu","Evolve → Pikachu → Raichu (top berry)",""), IF(A62="Eevee","Sylveon (skill) of Jolteon (berry) = top evoluties",""), IF(A62="Igglybuff","Evolve → Wigglytuff = Energy for Everyone S (top skill!)",""), IF(A62="Squirtle","Kanto starter: 2x ingrediënten + Ingredient Magnet S",""), IF(A62="Charmander","Evolve → Charizard = snelle berry+ingredient verzamelaar",""), IF(A62="Bulbasaur","Kanto starter: 2x ingrediënten + Ingredient Magnet S",""), IF(A62="Growlithe","Evolve → Arcanine = sterke all-rounder",""), IF(A62="Mareep","Evolve → Ampharos = hoge frequentie + waardevolle ingrediënten",""), IF(A62="Spheal","Evolve → Walrein = key voor Snowdrop Tundra (berry+ingr)",""), IF(A62="Riolu","Evolve → Lucario = sterke fighter",""), IF(A62="Togepi","Let op: Togekiss Metronome is onbetrouwbaar",""), IF(A62="Totodile","Evolve → Feraligatr = top berry voor Cyan Beach",""), IF(A62="Magnemite","Evolve → Magnezone = sterke skill helper",""), IF(A62="Ivysaur","Evolve → Venusaur = 2x ingrediënten specialist",""), IF(OR(N62="Neutral",O62="Neutral"),"Neutrale nature = ok maar niet ideaal",""), IF(AND(N62="Speed of Help",OR(S62="Berry",S62="Ingredient")),"Perfecte nature voor "&S62&" team!",""), IF(AND(N62="Ingredient Finding",S62="Ingredient"),"Perfecte nature voor Ingredient team!",""), IF(AND(N62="Main Skill Chance",S62="Skill"),"Perfecte nature voor Skill team!",""), IF(AND(O62="Speed of Help",S62="Berry"),"Let op: Speed of Help NEGATIEF schaadt berry-prestatie",""), IF(AND(O62="Ingredient Finding",S62="Ingredient"),"Let op: Ingredient Finding NEGATIEF schaadt ingredient-prestatie","") ))
D63: =IF(C63="","",VLOOKUP(C63,Referentie!$A$2:$B$19,2,0)) | N63: =IF(M63="","",VLOOKUP(M63,Referentie!$G$2:$I$26,2,0)) | O63: =IF(M63="","",VLOOKUP(M63,Referentie!$G$2:$I$26,3,0)) | P63: =IF(A63="","", (IF(N63="Speed of Help",2,0)) + (IF(O63="Speed of Help",-2,0)) + (IF(N63="EXP Gains",1,0)) + (IF(O63="EXP Gains",-1,0)) + (COUNTIF(H63:L63,"Helping Speed S")*1) + (COUNTIF(H63:L63,"Helping Speed M")*2) + (COUNTIF(H63:L63,"Berry Finding S")*2) + (COUNTIF(H63:L63,"Helping Bonus")*1) + (IF(O63="Ingredient Finding",0,0)) + (IF(O63="Main Skill Chance",0,0)) ) | Q63: =IF(A63="","", (IF(N63="Ingredient Finding",2,0)) + (IF(O63="Ingredient Finding",-2,0)) + (IF(N63="EXP Gains",1,0)) + (IF(O63="EXP Gains",-1,0)) + (COUNTIF(H63:L63,"Ingredient Finder S")*1) + (COUNTIF(H63:L63,"Ingredient Finder M")*2) + (COUNTIF(H63:L63,"Inventory Up S")*0.5) + (COUNTIF(H63:L63,"Inventory Up M")*1) + (COUNTIF(H63:L63,"Inventory Up L")*1.5) + (IF(E63=F63,1,0)) + (IF(F63=G63,1,0)) ) | R63: =IF(A63="","", (IF(N63="Main Skill Chance",2,0)) + (IF(O63="Main Skill Chance",-2,0)) + (IF(N63="EXP Gains",1,0)) + (IF(O63="EXP Gains",-1,0)) + (COUNTIF(H63:L63,"Skill Trigger S")*1) + (COUNTIF(H63:L63,"Skill Trigger M")*2) + (COUNTIF(H63:L63,"Skill Level Up S")*1) + (COUNTIF(H63:L63,"Skill Level Up M")*2) + (COUNTIF(H63:L63,"Energy Recovery Bonus")*1.5) + (COUNTIF(H63:L63,"Sleep EXP Bonus")*1) + (COUNTIF(H63:L63,"Research EXP Bonus")*1) ) | S63: =IF(A63="","", IF(AND(P63<=1, Q63<=1, R63<=1), "Bench", IF(AND(P63>=Q63, P63>=R63), "Berry", IF(AND(Q63>=P63, Q63>=R63), "Ingredient", "Skill"))) ) | T63: =IF(A63="","", MAX(P63,Q63,R63) + IF(OR(N63="Speed of Help",N63="Ingredient Finding",N63="Main Skill Chance"),1,0) + IF(N63="Neutral",0, IF(O63="Neutral",0.5,0)) + IF(B63>=10,0.5,0) ) | U63: =IF(A63="","", IF(T63>=7, "⭐ Keep", IF(T63>=5, "📈 Level Up", IF(T63>=3, "🤔 Bench", "❌ Transfer"))) ) | V63: =IF(A63="","", _xlfn.TEXTJOIN("; ",TRUE, IF(A63="Pikachu","Evolve naar Raichu = snelste berry helper!",""), IF(A63="Pichu","Evolve → Pikachu → Raichu (top berry)",""), IF(A63="Eevee","Sylveon (skill) of Jolteon (berry) = top evoluties",""), IF(A63="Igglybuff","Evolve → Wigglytuff = Energy for Everyone S (top skill!)",""), IF(A63="Squirtle","Kanto starter: 2x ingrediënten + Ingredient Magnet S",""), IF(A63="Charmander","Evolve → Charizard = snelle berry+ingredient verzamelaar",""), IF(A63="Bulbasaur","Kanto starter: 2x ingrediënten + Ingredient Magnet S",""), IF(A63="Growlithe","Evolve → Arcanine = sterke all-rounder",""), IF(A63="Mareep","Evolve → Ampharos = hoge frequentie + waardevolle ingrediënten",""), IF(A63="Spheal","Evolve → Walrein = key voor Snowdrop Tundra (berry+ingr)",""), IF(A63="Riolu","Evolve → Lucario = sterke fighter",""), IF(A63="Togepi","Let op: Togekiss Metronome is onbetrouwbaar",""), IF(A63="Totodile","Evolve → Feraligatr = top berry voor Cyan Beach",""), IF(A63="Magnemite","Evolve → Magnezone = sterke skill helper",""), IF(A63="Ivysaur","Evolve → Venusaur = 2x ingrediënten specialist",""), IF(OR(N63="Neutral",O63="Neutral"),"Neutrale nature = ok maar niet ideaal",""), IF(AND(N63="Speed of Help",OR(S63="Berry",S63="Ingredient")),"Perfecte nature voor "&S63&" team!",""), IF(AND(N63="Ingredient Finding",S63="Ingredient"),"Perfecte nature voor Ingredient team!",""), IF(AND(N63="Main Skill Chance",S63="Skill"),"Perfecte nature voor Skill team!",""), IF(AND(O63="Speed of Help",S63="Berry"),"Let op: Speed of Help NEGATIEF schaadt berry-prestatie",""), IF(AND(O63="Ingredient Finding",S63="Ingredient"),"Let op: Ingredient Finding NEGATIEF schaadt ingredient-prestatie","") ))
D64: =IF(C64="","",VLOOKUP(C64,Referentie!$A$2:$B$19,2,0)) | N64: =IF(M64="","",VLOOKUP(M64,Referentie!$G$2:$I$26,2,0)) | O64: =IF(M64="","",VLOOKUP(M64,Referentie!$G$2:$I$26,3,0)) | P64: =IF(A64="","", (IF(N64="Speed of Help",2,0)) + (IF(O64="Speed of Help",-2,0)) + (IF(N64="EXP Gains",1,0)) + (IF(O64="EXP Gains",-1,0)) + (COUNTIF(H64:L64,"Helping Speed S")*1) + (COUNTIF(H64:L64,"Helping Speed M")*2) + (COUNTIF(H64:L64,"Berry Finding S")*2) + (COUNTIF(H64:L64,"Helping Bonus")*1) + (IF(O64="Ingredient Finding",0,0)) + (IF(O64="Main Skill Chance",0,0)) ) | Q64: =IF(A64="","", (IF(N64="Ingredient Finding",2,0)) + (IF(O64="Ingredient Finding",-2,0)) + (IF(N64="EXP Gains",1,0)) + (IF(O64="EXP Gains",-1,0)) + (COUNTIF(H64:L64,"Ingredient Finder S")*1) + (COUNTIF(H64:L64,"Ingredient Finder M")*2) + (COUNTIF(H64:L64,"Inventory Up S")*0.5) + (COUNTIF(H64:L64,"Inventory Up M")*1) + (COUNTIF(H64:L64,"Inventory Up L")*1.5) + (IF(E64=F64,1,0)) + (IF(F64=G64,1,0)) ) | R64: =IF(A64="","", (IF(N64="Main Skill Chance",2,0)) + (IF(O64="Main Skill Chance",-2,0)) + (IF(N64="EXP Gains",1,0)) + (IF(O64="EXP Gains",-1,0)) + (COUNTIF(H64:L64,"Skill Trigger S")*1) + (COUNTIF(H64:L64,"Skill Trigger M")*2) + (COUNTIF(H64:L64,"Skill Level Up S")*1) + (COUNTIF(H64:L64,"Skill Level Up M")*2) + (COUNTIF(H64:L64,"Energy Recovery Bonus")*1.5) + (COUNTIF(H64:L64,"Sleep EXP Bonus")*1) + (COUNTIF(H64:L64,"Research EXP Bonus")*1) ) | S64: =IF(A64="","", IF(AND(P64<=1, Q64<=1, R64<=1), "Bench", IF(AND(P64>=Q64, P64>=R64), "Berry", IF(AND(Q64>=P64, Q64>=R64), "Ingredient", "Skill"))) ) | T64: =IF(A64="","", MAX(P64,Q64,R64) + IF(OR(N64="Speed of Help",N64="Ingredient Finding",N64="Main Skill Chance"),1,0) + IF(N64="Neutral",0, IF(O64="Neutral",0.5,0)) + IF(B64>=10,0.5,0) ) | U64: =IF(A64="","", IF(T64>=7, "⭐ Keep", IF(T64>=5, "📈 Level Up", IF(T64>=3, "🤔 Bench", "❌ Transfer"))) ) | V64: =IF(A64="","", _xlfn.TEXTJOIN("; ",TRUE, IF(A64="Pikachu","Evolve naar Raichu = snelste berry helper!",""), IF(A64="Pichu","Evolve → Pikachu → Raichu (top berry)",""), IF(A64="Eevee","Sylveon (skill) of Jolteon (berry) = top evoluties",""), IF(A64="Igglybuff","Evolve → Wigglytuff = Energy for Everyone S (top skill!)",""), IF(A64="Squirtle","Kanto starter: 2x ingrediënten + Ingredient Magnet S",""), IF(A64="Charmander","Evolve → Charizard = snelle berry+ingredient verzamelaar",""), IF(A64="Bulbasaur","Kanto starter: 2x ingrediënten + Ingredient Magnet S",""), IF(A64="Growlithe","Evolve → Arcanine = sterke all-rounder",""), IF(A64="Mareep","Evolve → Ampharos = hoge frequentie + waardevolle ingrediënten",""), IF(A64="Spheal","Evolve → Walrein = key voor Snowdrop Tundra (berry+ingr)",""), IF(A64="Riolu","Evolve → Lucario = sterke fighter",""), IF(A64="Togepi","Let op: Togekiss Metronome is onbetrouwbaar",""), IF(A64="Totodile","Evolve → Feraligatr = top berry voor Cyan Beach",""), IF(A64="Magnemite","Evolve → Magnezone = sterke skill helper",""), IF(A64="Ivysaur","Evolve → Venusaur = 2x ingrediënten specialist",""), IF(OR(N64="Neutral",O64="Neutral"),"Neutrale nature = ok maar niet ideaal",""), IF(AND(N64="Speed of Help",OR(S64="Berry",S64="Ingredient")),"Perfecte nature voor "&S64&" team!",""), IF(AND(N64="Ingredient Finding",S64="Ingredient"),"Perfecte nature voor Ingredient team!",""), IF(AND(N64="Main Skill Chance",S64="Skill"),"Perfecte nature voor Skill team!",""), IF(AND(O64="Speed of Help",S64="Berry"),"Let op: Speed of Help NEGATIEF schaadt berry-prestatie",""), IF(AND(O64="Ingredient Finding",S64="Ingredient"),"Let op: Ingredient Finding NEGATIEF schaadt ingredient-prestatie","") ))
D65: =IF(C65="","",VLOOKUP(C65,Referentie!$A$2:$B$19,2,0)) | N65: =IF(M65="","",VLOOKUP(M65,Referentie!$G$2:$I$26,2,0)) | O65: =IF(M65="","",VLOOKUP(M65,Referentie!$G$2:$I$26,3,0)) | P65: =IF(A65="","", (IF(N65="Speed of Help",2,0)) + (IF(O65="Speed of Help",-2,0)) + (IF(N65="EXP Gains",1,0)) + (IF(O65="EXP Gains",-1,0)) + (COUNTIF(H65:L65,"Helping Speed S")*1) + (COUNTIF(H65:L65,"Helping Speed M")*2) + (COUNTIF(H65:L65,"Berry Finding S")*2) + (COUNTIF(H65:L65,"Helping Bonus")*1) + (IF(O65="Ingredient Finding",0,0)) + (IF(O65="Main Skill Chance",0,0)) ) | Q65: =IF(A65="","", (IF(N65="Ingredient Finding",2,0)) + (IF(O65="Ingredient Finding",-2,0)) + (IF(N65="EXP Gains",1,0)) + (IF(O65="EXP Gains",-1,0)) + (COUNTIF(H65:L65,"Ingredient Finder S")*1) + (COUNTIF(H65:L65,"Ingredient Finder M")*2) + (COUNTIF(H65:L65,"Inventory Up S")*0.5) + (COUNTIF(H65:L65,"Inventory Up M")*1) + (COUNTIF(H65:L65,"Inventory Up L")*1.5) + (IF(E65=F65,1,0)) + (IF(F65=G65,1,0)) ) | R65: =IF(A65="","", (IF(N65="Main Skill Chance",2,0)) + (IF(O65="Main Skill Chance",-2,0)) + (IF(N65="EXP Gains",1,0)) + (IF(O65="EXP Gains",-1,0)) + (COUNTIF(H65:L65,"Skill Trigger S")*1) + (COUNTIF(H65:L65,"Skill Trigger M")*2) + (COUNTIF(H65:L65,"Skill Level Up S")*1) + (COUNTIF(H65:L65,"Skill Level Up M")*2) + (COUNTIF(H65:L65,"Energy Recovery Bonus")*1.5) + (COUNTIF(H65:L65,"Sleep EXP Bonus")*1) + (COUNTIF(H65:L65,"Research EXP Bonus")*1) ) | S65: =IF(A65="","", IF(AND(P65<=1, Q65<=1, R65<=1), "Bench", IF(AND(P65>=Q65, P65>=R65), "Berry", IF(AND(Q65>=P65, Q65>=R65), "Ingredient", "Skill"))) ) | T65: =IF(A65="","", MAX(P65,Q65,R65) + IF(OR(N65="Speed of Help",N65="Ingredient Finding",N65="Main Skill Chance"),1,0) + IF(N65="Neutral",0, IF(O65="Neutral",0.5,0)) + IF(B65>=10,0.5,0) ) | U65: =IF(A65="","", IF(T65>=7, "⭐ Keep", IF(T65>=5, "📈 Level Up", IF(T65>=3, "🤔 Bench", "❌ Transfer"))) ) | V65: =IF(A65="","", _xlfn.TEXTJOIN("; ",TRUE, IF(A65="Pikachu","Evolve naar Raichu = snelste berry helper!",""), IF(A65="Pichu","Evolve → Pikachu → Raichu (top berry)",""), IF(A65="Eevee","Sylveon (skill) of Jolteon (berry) = top evoluties",""), IF(A65="Igglybuff","Evolve → Wigglytuff = Energy for Everyone S (top skill!)",""), IF(A65="Squirtle","Kanto starter: 2x ingrediënten + Ingredient Magnet S",""), IF(A65="Charmander","Evolve → Charizard = snelle berry+ingredient verzamelaar",""), IF(A65="Bulbasaur","Kanto starter: 2x ingrediënten + Ingredient Magnet S",""), IF(A65="Growlithe","Evolve → Arcanine = sterke all-rounder",""), IF(A65="Mareep","Evolve → Ampharos = hoge frequentie + waardevolle ingrediënten",""), IF(A65="Spheal","Evolve → Walrein = key voor Snowdrop Tundra (berry+ingr)",""), IF(A65="Riolu","Evolve → Lucario = sterke fighter",""), IF(A65="Togepi","Let op: Togekiss Metronome is onbetrouwbaar",""), IF(A65="Totodile","Evolve → Feraligatr = top berry voor Cyan Beach",""), IF(A65="Magnemite","Evolve → Magnezone = sterke skill helper",""), IF(A65="Ivysaur","Evolve → Venusaur = 2x ingrediënten specialist",""), IF(OR(N65="Neutral",O65="Neutral"),"Neutrale nature = ok maar niet ideaal",""), IF(AND(N65="Speed of Help",OR(S65="Berry",S65="Ingredient")),"Perfecte nature voor "&S65&" team!",""), IF(AND(N65="Ingredient Finding",S65="Ingredient"),"Perfecte nature voor Ingredient team!",""), IF(AND(N65="Main Skill Chance",S65="Skill"),"Perfecte nature voor Skill team!",""), IF(AND(O65="Speed of Help",S65="Berry"),"Let op: Speed of Help NEGATIEF schaadt berry-prestatie",""), IF(AND(O65="Ingredient Finding",S65="Ingredient"),"Let op: Ingredient Finding NEGATIEF schaadt ingredient-prestatie","") ))
D66: =IF(C66="","",VLOOKUP(C66,Referentie!$A$2:$B$19,2,0)) | N66: =IF(M66="","",VLOOKUP(M66,Referentie!$G$2:$I$26,2,0)) | O66: =IF(M66="","",VLOOKUP(M66,Referentie!$G$2:$I$26,3,0)) | P66: =IF(A66="","", (IF(N66="Speed of Help",2,0)) + (IF(O66="Speed of Help",-2,0)) + (IF(N66="EXP Gains",1,0)) + (IF(O66="EXP Gains",-1,0)) + (COUNTIF(H66:L66,"Helping Speed S")*1) + (COUNTIF(H66:L66,"Helping Speed M")*2) + (COUNTIF(H66:L66,"Berry Finding S")*2) + (COUNTIF(H66:L66,"Helping Bonus")*1) + (IF(O66="Ingredient Finding",0,0)) + (IF(O66="Main Skill Chance",0,0)) ) | Q66: =IF(A66="","", (IF(N66="Ingredient Finding",2,0)) + (IF(O66="Ingredient Finding",-2,0)) + (IF(N66="EXP Gains",1,0)) + (IF(O66="EXP Gains",-1,0)) + (COUNTIF(H66:L66,"Ingredient Finder S")*1) + (COUNTIF(H66:L66,"Ingredient Finder M")*2) + (COUNTIF(H66:L66,"Inventory Up S")*0.5) + (COUNTIF(H66:L66,"Inventory Up M")*1) + (COUNTIF(H66:L66,"Inventory Up L")*1.5) + (IF(E66=F66,1,0)) + (IF(F66=G66,1,0)) ) | R66: =IF(A66="","", (IF(N66="Main Skill Chance",2,0)) + (IF(O66="Main Skill Chance",-2,0)) + (IF(N66="EXP Gains",1,0)) + (IF(O66="EXP Gains",-1,0)) + (COUNTIF(H66:L66,"Skill Trigger S")*1) + (COUNTIF(H66:L66,"Skill Trigger M")*2) + (COUNTIF(H66:L66,"Skill Level Up S")*1) + (COUNTIF(H66:L66,"Skill Level Up M")*2) + (COUNTIF(H66:L66,"Energy Recovery Bonus")*1.5) + (COUNTIF(H66:L66,"Sleep EXP Bonus")*1) + (COUNTIF(H66:L66,"Research EXP Bonus")*1) ) | S66: =IF(A66="","", IF(AND(P66<=1, Q66<=1, R66<=1), "Bench", IF(AND(P66>=Q66, P66>=R66), "Berry", IF(AND(Q66>=P66, Q66>=R66), "Ingredient", "Skill"))) ) | T66: =IF(A66="","", MAX(P66,Q66,R66) + IF(OR(N66="Speed of Help",N66="Ingredient Finding",N66="Main Skill Chance"),1,0) + IF(N66="Neutral",0, IF(O66="Neutral",0.5,0)) + IF(B66>=10,0.5,0) ) | U66: =IF(A66="","", IF(T66>=7, "⭐ Keep", IF(T66>=5, "📈 Level Up", IF(T66>=3, "🤔 Bench", "❌ Transfer"))) ) | V66: =IF(A66="","", _xlfn.TEXTJOIN("; ",TRUE, IF(A66="Pikachu","Evolve naar Raichu = snelste berry helper!",""), IF(A66="Pichu","Evolve → Pikachu → Raichu (top berry)",""), IF(A66="Eevee","Sylveon (skill) of Jolteon (berry) = top evoluties",""), IF(A66="Igglybuff","Evolve → Wigglytuff = Energy for Everyone S (top skill!)",""), IF(A66="Squirtle","Kanto starter: 2x ingrediënten + Ingredient Magnet S",""), IF(A66="Charmander","Evolve → Charizard = snelle berry+ingredient verzamelaar",""), IF(A66="Bulbasaur","Kanto starter: 2x ingrediënten + Ingredient Magnet S",""), IF(A66="Growlithe","Evolve → Arcanine = sterke all-rounder",""), IF(A66="Mareep","Evolve → Ampharos = hoge frequentie + waardevolle ingrediënten",""), IF(A66="Spheal","Evolve → Walrein = key voor Snowdrop Tundra (berry+ingr)",""), IF(A66="Riolu","Evolve → Lucario = sterke fighter",""), IF(A66="Togepi","Let op: Togekiss Metronome is onbetrouwbaar",""), IF(A66="Totodile","Evolve → Feraligatr = top berry voor Cyan Beach",""), IF(A66="Magnemite","Evolve → Magnezone = sterke skill helper",""), IF(A66="Ivysaur","Evolve → Venusaur = 2x ingrediënten specialist",""), IF(OR(N66="Neutral",O66="Neutral"),"Neutrale nature = ok maar niet ideaal",""), IF(AND(N66="Speed of Help",OR(S66="Berry",S66="Ingredient")),"Perfecte nature voor "&S66&" team!",""), IF(AND(N66="Ingredient Finding",S66="Ingredient"),"Perfecte nature voor Ingredient team!",""), IF(AND(N66="Main Skill Chance",S66="Skill"),"Perfecte nature voor Skill team!",""), IF(AND(O66="Speed of Help",S66="Berry"),"Let op: Speed of Help NEGATIEF schaadt berry-prestatie",""), IF(AND(O66="Ingredient Finding",S66="Ingredient"),"Let op: Ingredient Finding NEGATIEF schaadt ingredient-prestatie","") ))
D67: =IF(C67="","",VLOOKUP(C67,Referentie!$A$2:$B$19,2,0)) | N67: =IF(M67="","",VLOOKUP(M67,Referentie!$G$2:$I$26,2,0)) | O67: =IF(M67="","",VLOOKUP(M67,Referentie!$G$2:$I$26,3,0)) | P67: =IF(A67="","", (IF(N67="Speed of Help",2,0)) + (IF(O67="Speed of Help",-2,0)) + (IF(N67="EXP Gains",1,0)) + (IF(O67="EXP Gains",-1,0)) + (COUNTIF(H67:L67,"Helping Speed S")*1) + (COUNTIF(H67:L67,"Helping Speed M")*2) + (COUNTIF(H67:L67,"Berry Finding S")*2) + (COUNTIF(H67:L67,"Helping Bonus")*1) + (IF(O67="Ingredient Finding",0,0)) + (IF(O67="Main Skill Chance",0,0)) ) | Q67: =IF(A67="","", (IF(N67="Ingredient Finding",2,0)) + (IF(O67="Ingredient Finding",-2,0)) + (IF(N67="EXP Gains",1,0)) + (IF(O67="EXP Gains",-1,0)) + (COUNTIF(H67:L67,"Ingredient Finder S")*1) + (COUNTIF(H67:L67,"Ingredient Finder M")*2) + (COUNTIF(H67:L67,"Inventory Up S")*0.5) + (COUNTIF(H67:L67,"Inventory Up M")*1) + (COUNTIF(H67:L67,"Inventory Up L")*1.5) + (IF(E67=F67,1,0)) + (IF(F67=G67,1,0)) ) | R67: =IF(A67="","", (IF(N67="Main Skill Chance",2,0)) + (IF(O67="Main Skill Chance",-2,0)) + (IF(N67="EXP Gains",1,0)) + (IF(O67="EXP Gains",-1,0)) + (COUNTIF(H67:L67,"Skill Trigger S")*1) + (COUNTIF(H67:L67,"Skill Trigger M")*2) + (COUNTIF(H67:L67,"Skill Level Up S")*1) + (COUNTIF(H67:L67,"Skill Level Up M")*2) + (COUNTIF(H67:L67,"Energy Recovery Bonus")*1.5) + (COUNTIF(H67:L67,"Sleep EXP Bonus")*1) + (COUNTIF(H67:L67,"Research EXP Bonus")*1) ) | S67: =IF(A67="","", IF(AND(P67<=1, Q67<=1, R67<=1), "Bench", IF(AND(P67>=Q67, P67>=R67), "Berry", IF(AND(Q67>=P67, Q67>=R67), "Ingredient", "Skill"))) ) | T67: =IF(A67="","", MAX(P67,Q67,R67) + IF(OR(N67="Speed of Help",N67="Ingredient Finding",N67="Main Skill Chance"),1,0) + IF(N67="Neutral",0, IF(O67="Neutral",0.5,0)) + IF(B67>=10,0.5,0) ) | U67: =IF(A67="","", IF(T67>=7, "⭐ Keep", IF(T67>=5, "📈 Level Up", IF(T67>=3, "🤔 Bench", "❌ Transfer"))) ) | V67: =IF(A67="","", _xlfn.TEXTJOIN("; ",TRUE, IF(A67="Pikachu","Evolve naar Raichu = snelste berry helper!",""), IF(A67="Pichu","Evolve → Pikachu → Raichu (top berry)",""), IF(A67="Eevee","Sylveon (skill) of Jolteon (berry) = top evoluties",""), IF(A67="Igglybuff","Evolve → Wigglytuff = Energy for Everyone S (top skill!)",""), IF(A67="Squirtle","Kanto starter: 2x ingrediënten + Ingredient Magnet S",""), IF(A67="Charmander","Evolve → Charizard = snelle berry+ingredient verzamelaar",""), IF(A67="Bulbasaur","Kanto starter: 2x ingrediënten + Ingredient Magnet S",""), IF(A67="Growlithe","Evolve → Arcanine = sterke all-rounder",""), IF(A67="Mareep","Evolve → Ampharos = hoge frequentie + waardevolle ingrediënten",""), IF(A67="Spheal","Evolve → Walrein = key voor Snowdrop Tundra (berry+ingr)",""), IF(A67="Riolu","Evolve → Lucario = sterke fighter",""), IF(A67="Togepi","Let op: Togekiss Metronome is onbetrouwbaar",""), IF(A67="Totodile","Evolve → Feraligatr = top berry voor Cyan Beach",""), IF(A67="Magnemite","Evolve → Magnezone = sterke skill helper",""), IF(A67="Ivysaur","Evolve → Venusaur = 2x ingrediënten specialist",""), IF(OR(N67="Neutral",O67="Neutral"),"Neutrale nature = ok maar niet ideaal",""), IF(AND(N67="Speed of Help",OR(S67="Berry",S67="Ingredient")),"Perfecte nature voor "&S67&" team!",""), IF(AND(N67="Ingredient Finding",S67="Ingredient"),"Perfecte nature voor Ingredient team!",""), IF(AND(N67="Main Skill Chance",S67="Skill"),"Perfecte nature voor Skill team!",""), IF(AND(O67="Speed of Help",S67="Berry"),"Let op: Speed of Help NEGATIEF schaadt berry-prestatie",""), IF(AND(O67="Ingredient Finding",S67="Ingredient"),"Let op: Ingredient Finding NEGATIEF schaadt ingredient-prestatie","") ))
... D250: =IF(C250="","",VLOOKUP(C250,Referentie!$A$2:$B$19,2,0)) | N250: =IF(M250="","",VLOOKUP(M250,Referentie!$G$2:$I$26,2,0)) | O250: =IF(M250="","",VLOOKUP(M250,Referentie!$G$2:$I$26,3,0)) | P250: =IF(A250="","", (IF(N250="Speed of Help",2,0)) + (IF(O250="Speed of Help",-2,0)) + (IF(N250="EXP Gains",1,0)) + (IF(O250="EXP Gains",-1,0)) + (COUNTIF(H250:L250,"Helping Speed S")*1) + (COUNTIF(H250:L250,"Helping Speed M")*2) + (COUNTIF(H250:L250,"Berry Finding S")*2) + (COUNTIF(H250:L250,"Helping Bonus")*1) + (IF(O250="Ingredient Finding",0,0)) + (IF(O250="Main Skill Chance",0,0)) ) | Q250: =IF(A250="","", (IF(N250="Ingredient Finding",2,0)) + (IF(O250="Ingredient Finding",-2,0)) + (IF(N250="EXP Gains",1,0)) + (IF(O250="EXP Gains",-1,0)) + (COUNTIF(H250:L250,"Ingredient Finder S")*1) + (COUNTIF(H250:L250,"Ingredient Finder M")*2) + (COUNTIF(H250:L250,"Inventory Up S")*0.5) + (COUNTIF(H250:L250,"Inventory Up M")*1) + (COUNTIF(H250:L250,"Inventory Up L")*1.5) + (IF(E250=F250,1,0)) + (IF(F250=G250,1,0)) ) | R250: =IF(A250="","", (IF(N250="Main Skill Chance",2,0)) + (IF(O250="Main Skill Chance",-2,0)) + (IF(N250="EXP Gains",1,0)) + (IF(O250="EXP Gains",-1,0)) + (COUNTIF(H250:L250,"Skill Trigger S")*1) + (COUNTIF(H250:L250,"Skill Trigger M")*2) + (COUNTIF(H250:L250,"Skill Level Up S")*1) + (COUNTIF(H250:L250,"Skill Level Up M")*2) + (COUNTIF(H250:L250,"Energy Recovery Bonus")*1.5) + (COUNTIF(H250:L250,"Sleep EXP Bonus")*1) + (COUNTIF(H250:L250,"Research EXP Bonus")*1) ) | S250: =IF(A250="","", IF(AND(P250<=1, Q250<=1, R250<=1), "Bench", IF(AND(P250>=Q250, P250>=R250), "Berry", IF(AND(Q250>=P250, Q250>=R250), "Ingredient", "Skill"))) ) | T250: =IF(A250="","", MAX(P250,Q250,R250) + IF(OR(N250="Speed of Help",N250="Ingredient Finding",N250="Main Skill Chance"),1,0) + IF(N250="Neutral",0, IF(O250="Neutral",0.5,0)) + IF(B250>=10,0.5,0) ) | U250: =IF(A250="","", IF(T250>=7, "⭐ Keep", IF(T250>=5, "📈 Level Up", IF(T250>=3, "🤔 Bench", "❌ Transfer"))) ) | V250: =IF(A250="","", _xlfn.TEXTJOIN("; ",TRUE, IF(A250="Pikachu","Evolve naar Raichu = snelste berry helper!",""), IF(A250="Pichu","Evolve → Pikachu → Raichu (top berry)",""), IF(A250="Eevee","Sylveon (skill) of Jolteon (berry) = top evoluties",""), IF(A250="Igglybuff","Evolve → Wigglytuff = Energy for Everyone S (top skill!)",""), IF(A250="Squirtle","Kanto starter: 2x ingrediënten + Ingredient Magnet S",""), IF(A250="Charmander","Evolve → Charizard = snelle berry+ingredient verzamelaar",""), IF(A250="Bulbasaur","Kanto starter: 2x ingrediënten + Ingredient Magnet S",""), IF(A250="Growlithe","Evolve → Arcanine = sterke all-rounder",""), IF(A250="Mareep","Evolve → Ampharos = hoge frequentie + waardevolle ingrediënten",""), IF(A250="Spheal","Evolve → Walrein = key voor Snowdrop Tundra (berry+ingr)",""), IF(A250="Riolu","Evolve → Lucario = sterke fighter",""), IF(A250="Togepi","Let op: Togekiss Metronome is onbetrouwbaar",""), IF(A250="Totodile","Evolve → Feraligatr = top berry voor Cyan Beach",""), IF(A250="Magnemite","Evolve → Magnezone = sterke skill helper",""), IF(A250="Ivysaur","Evolve → Venusaur = 2x ingrediënten specialist",""), IF(OR(N250="Neutral",O250="Neutral"),"Neutrale nature = ok maar niet ideaal",""), IF(AND(N250="Speed of Help",OR(S250="Berry",S250="Ingredient")),"Perfecte nature voor "&S250&" team!",""), IF(AND(N250="Ingredient Finding",S250="Ingredient"),"Perfecte nature voor Ingredient team!",""), IF(AND(N250="Main Skill Chance",S250="Skill"),"Perfecte nature voor Skill team!",""), IF(AND(O250="Speed of Help",S250="Berry"),"Let op: Speed of Help NEGATIEF schaadt berry-prestatie",""), IF(AND(O250="Ingredient Finding",S250="Ingredient"),"Let op: Ingredient Finding NEGATIEF schaadt ingredient-prestatie","") ))

Sheet Weekplanner
A1: POKEMON SLEEP - WEEKLY TEAM PLANNER | S1: Name | T1: Berry | U1: Lvl | V1: Score | W1: Nature+ | X1: Key | AA1: Name | AB1: IngrL1 | AC1: IngrL30 | AD1: IngrL60 | AE1: Lvl | AF1: Score | AG1: Nature+ | AH1: MatchCnt | AI1: Key | AJ1: Name | AK1: SkillL10 | AL1: Lvl | AM1: Score | AN1: Nature+ | AO1: Key
S2: =Data!A2 -> Pikachu | T2: =Data!D2 -> Grepa | U2: =Data!B2 -> 15 | V2: =Data!P2 -> -2 | W2: =Data!N2 -> Ingredient Finding | X2: =IF(OR(T2=$B$5,T2=$B$6,T2=$B$7),(V2*1000)+U2+ROW()/1000000,0) -> -1985 | AA2: =Data!A2 -> Pikachu | AB2: =Data!E2 -> Fancy Apple | AC2: =Data!F2 -> Warming Ginger | AD2: =Data!G2 -> Fancy Apple | AE2: =Data!B2 -> 15 | AF2: =Data!Q2 -> 6.5 | AG2: =Data!N2 -> Ingredient Finding | AH2: =(IF($H$5="Curries/Stews",COUNTIF(Helper_Ingredient!$N$3:$N$20,AB2),IF($H$5="Salads",COUNTIF(Helper_Ingredient!$O$3:$O$20,AB2),COUNTIF(Helper_Ingredient!$P$3:$P$19,AB2)))>0)+IF(AE2>=30,(IF($H$5="Curries/Stews",COUNTIF(Helper_Ingredient!$N$3:$N$20,AC2),IF($H$5="Salads",COUNTIF(Helper_Ingredient!$O$3:$O$20,AC2),COUNTIF(Helper_Ingredient!$P$3:$P$19,AC2)))>0),0)+IF(AE2>=60,(IF($H$5="Curries/Stews",COUNTIF(Helper_Ingredient!$N$3:$N$20,AD2),IF($H$5="Salads",COUNTIF(Helper_Ingredient!$O$3:$O$20,AD2),COUNTIF(Helper_Ingredient!$P$3:$P$19,AD2)))>0),0) -> 0 | AI2: =IF(AH2>0,(AH2*1000000)+(AF2*1000)+AE2+ROW()/1000000,0) -> 0 | AJ2: =Data!A2 -> Pikachu | AK2: =Data!H2 -> Inventory Up S | AL2: =Data!B2 -> 15 | AM2: =Data!R2 -> 1 | AN2: =Data!N2 -> Ingredient Finding | AO2: =IF(AM2="",0,(AM2*1000)+AL2+ROW()/1000000) -> 1015
A3: BERRY TEAM - Kies jouw bessen deze week | G3: INGREDIENT TEAM - Kies kookcategorie | M3: SKILL TEAM - Top op Skill Score | S3: =Data!A3 -> Squirtle | T3: =Data!D3 -> Oran | U3: =Data!B3 -> 8 | V3: =Data!P3 -> 0 | W3: =Data!N3 -> Neutral | X3: =IF(OR(T3=$B$5,T3=$B$6,T3=$B$7),(V3*1000)+U3+ROW()/1000000,0) -> 0 | AA3: =Data!A3 -> Squirtle | AB3: =Data!E3 -> Moomoo Milk | AC3: =Data!F3 -> Soothing Cacao | AD3: =Data!G3 -> Soothing Cacao | AE3: =Data!B3 -> 8 | AF3: =Data!Q3 -> 4 | AG3: =Data!N3 -> Neutral | AH3: =(IF($H$5="Curries/Stews",COUNTIF(Helper_Ingredient!$N$3:$N$20,AB3),IF($H$5="Salads",COUNTIF(Helper_Ingredient!$O$3:$O$20,AB3),COUNTIF(Helper_Ingredient!$P$3:$P$19,AB3)))>0)+IF(AE3>=30,(IF($H$5="Curries/Stews",COUNTIF(Helper_Ingredient!$N$3:$N$20,AC3),IF($H$5="Salads",COUNTIF(Helper_Ingredient!$O$3:$O$20,AC3),COUNTIF(Helper_Ingredient!$P$3:$P$19,AC3)))>0),0)+IF(AE3>=60,(IF($H$5="Curries/Stews",COUNTIF(Helper_Ingredient!$N$3:$N$20,AD3),IF($H$5="Salads",COUNTIF(Helper_Ingredient!$O$3:$O$20,AD3),COUNTIF(Helper_Ingredient!$P$3:$P$19,AD3)))>0),0) -> 1 | AI3: =IF(AH3>0,(AH3*1000000)+(AF3*1000)+AE3+ROW()/1000000,0) -> 1004008 | AJ3: =Data!A3 -> Squirtle | AK3: =Data!H3 -> Ingredient Finder S | AL3: =Data!B3 -> 8 | AM3: =Data!R3 -> 3 | AN3: =Data!N3 -> Neutral | AO3: =IF(AM3="",0,(AM3*1000)+AL3+ROW()/1000000) -> 3008
S4: =Data!A4 -> Igglybuff | T4: =Data!D4 -> Pecha | U4: =Data!B4 -> 9 | V4: =Data!P4 -> 2 | W4: =Data!N4 -> EXP Gains | X4: =IF(OR(T4=$B$5,T4=$B$6,T4=$B$7),(V4*1000)+U4+ROW()/1000000,0) -> 0 | AA4: =Data!A4 -> Igglybuff | AB4: =Data!E4 -> Honey | AC4: =Data!F4 -> Honey | AD4: =Data!G4 -> Pure Oil | AE4: =Data!B4 -> 9 | AF4: =Data!Q4 -> 5.5 | AG4: =Data!N4 -> EXP Gains | AH4: =(IF($H$5="Curries/Stews",COUNTIF(Helper_Ingredient!$N$3:$N$20,AB4),IF($H$5="Salads",COUNTIF(Helper_Ingredient!$O$3:$O$20,AB4),COUNTIF(Helper_Ingredient!$P$3:$P$19,AB4)))>0)+IF(AE4>=30,(IF($H$5="Curries/Stews",COUNTIF(Helper_Ingredient!$N$3:$N$20,AC4),IF($H$5="Salads",COUNTIF(Helper_Ingredient!$O$3:$O$20,AC4),COUNTIF(Helper_Ingredient!$P$3:$P$19,AC4)))>0),0)+IF(AE4>=60,(IF($H$5="Curries/Stews",COUNTIF(Helper_Ingredient!$N$3:$N$20,AD4),IF($H$5="Salads",COUNTIF(Helper_Ingredient!$O$3:$O$20,AD4),COUNTIF(Helper_Ingredient!$P$3:$P$19,AD4)))>0),0) -> 1 | AI4: =IF(AH4>0,(AH4*1000000)+(AF4*1000)+AE4+ROW()/1000000,0) -> 1005509 | AJ4: =Data!A4 -> Igglybuff | AK4: =Data!H4 -> Helping Speed S | AL4: =Data!B4 -> 9 | AM4: =Data!R4 -> 0 | AN4: =Data!N4 -> EXP Gains | AO4: =IF(AM4="",0,(AM4*1000)+AL4+ROW()/1000000) -> 9.000004
A5: Berry 1: | B5: Rawst | G5: Categorie: | H5: Curries/Stews | S5: =Data!A5 -> Spheal | T5: =Data!D5 -> Oran | U5: =Data!B5 -> 11 | V5: =Data!P5 -> 1 | W5: =Data!N5 -> Energy Recovery | X5: =IF(OR(T5=$B$5,T5=$B$6,T5=$B$7),(V5*1000)+U5+ROW()/1000000,0) -> 0 | AA5: =Data!A5 -> Spheal | AB5: =Data!E5 -> Pure Oil | AC5: =Data!F5 -> Bean Sausage | AD5: =Data!G5 -> Pure Oil | AE5: =Data!B5 -> 11 | AF5: =Data!Q5 -> 3.5 | AG5: =Data!N5 -> Energy Recovery | AH5: =(IF($H$5="Curries/Stews",COUNTIF(Helper_Ingredient!$N$3:$N$20,AB5),IF($H$5="Salads",COUNTIF(Helper_Ingredient!$O$3:$O$20,AB5),COUNTIF(Helper_Ingredient!$P$3:$P$19,AB5)))>0)+IF(AE5>=30,(IF($H$5="Curries/Stews",COUNTIF(Helper_Ingredient!$N$3:$N$20,AC5),IF($H$5="Salads",COUNTIF(Helper_Ingredient!$O$3:$O$20,AC5),COUNTIF(Helper_Ingredient!$P$3:$P$19,AC5)))>0),0)+IF(AE5>=60,(IF($H$5="Curries/Stews",COUNTIF(Helper_Ingredient!$N$3:$N$20,AD5),IF($H$5="Salads",COUNTIF(Helper_Ingredient!$O$3:$O$20,AD5),COUNTIF(Helper_Ingredient!$P$3:$P$19,AD5)))>0),0) -> 1 | AI5: =IF(AH5>0,(AH5*1000000)+(AF5*1000)+AE5+ROW()/1000000,0) -> 1003511 | AJ5: =Data!A5 -> Spheal | AK5: =Data!H5 -> Ingredient Finder S | AL5: =Data!B5 -> 11 | AM5: =Data!R5 -> 0 | AN5: =Data!N5 -> Energy Recovery | AO5: =IF(AM5="",0,(AM5*1000)+AL5+ROW()/1000000) -> 11.000005
A6: Berry 2: | B6: Chesto | S6: =Data!A6 -> Cubone | T6: =Data!D6 -> Figy | U6: =Data!B6 -> 11 | V6: =Data!P6 -> 4 | W6: =Data!N6 -> Speed of Help | X6: =IF(OR(T6=$B$5,T6=$B$6,T6=$B$7),(V6*1000)+U6+ROW()/1000000,0) -> 0 | AA6: =Data!A6 -> Cubone | AB6: =Data!E6 -> Warming Ginger | AC6: =Data!F6 -> Soothing Cacao | AD6: =Data!G6 -> Warming Ginger | AE6: =Data!B6 -> 11 | AF6: =Data!Q6 -> 1 | AG6: =Data!N6 -> Speed of Help | AH6: =(IF($H$5="Curries/Stews",COUNTIF(Helper_Ingredient!$N$3:$N$20,AB6),IF($H$5="Salads",COUNTIF(Helper_Ingredient!$O$3:$O$20,AB6),COUNTIF(Helper_Ingredient!$P$3:$P$19,AB6)))>0)+IF(AE6>=30,(IF($H$5="Curries/Stews",COUNTIF(Helper_Ingredient!$N$3:$N$20,AC6),IF($H$5="Salads",COUNTIF(Helper_Ingredient!$O$3:$O$20,AC6),COUNTIF(Helper_Ingredient!$P$3:$P$19,AC6)))>0),0)+IF(AE6>=60,(IF($H$5="Curries/Stews",COUNTIF(Helper_Ingredient!$N$3:$N$20,AD6),IF($H$5="Salads",COUNTIF(Helper_Ingredient!$O$3:$O$20,AD6),COUNTIF(Helper_Ingredient!$P$3:$P$19,AD6)))>0),0) -> 1 | AI6: =IF(AH6>0,(AH6*1000000)+(AF6*1000)+AE6+ROW()/1000000,0) -> 1001011 | AJ6: =Data!A6 -> Cubone | AK6: =Data!H6 -> Helping Speed M | AL6: =Data!B6 -> 11 | AM6: =Data!R6 -> 3 | AN6: =Data!N6 -> Speed of Help | AO6: =IF(AM6="",0,(AM6*1000)+AL6+ROW()/1000000) -> 3011
A7: Berry 3: | B7: Grepa | S7: =Data!A7 -> Pichu | T7: =Data!D7 -> Grepa | U7: =Data!B7 -> 6 | V7: =Data!P7 -> 2 | W7: =Data!N7 -> Energy Recovery | X7: =IF(OR(T7=$B$5,T7=$B$6,T7=$B$7),(V7*1000)+U7+ROW()/1000000,0) -> 2006 | AA7: =Data!A7 -> Pichu | AB7: =Data!E7 -> Fancy Apple | AC7: =Data!F7 -> Warming Ginger | AD7: =Data!G7 -> Fancy Apple | AE7: =Data!B7 -> 6 | AF7: =Data!Q7 -> 2 | AG7: =Data!N7 -> Energy Recovery | AH7: =(IF($H$5="Curries/Stews",COUNTIF(Helper_Ingredient!$N$3:$N$20,AB7),IF($H$5="Salads",COUNTIF(Helper_Ingredient!$O$3:$O$20,AB7),COUNTIF(Helper_Ingredient!$P$3:$P$19,AB7)))>0)+IF(AE7>=30,(IF($H$5="Curries/Stews",COUNTIF(Helper_Ingredient!$N$3:$N$20,AC7),IF($H$5="Salads",COUNTIF(Helper_Ingredient!$O$3:$O$20,AC7),COUNTIF(Helper_Ingredient!$P$3:$P$19,AC7)))>0),0)+IF(AE7>=60,(IF($H$5="Curries/Stews",COUNTIF(Helper_Ingredient!$N$3:$N$20,AD7),IF($H$5="Salads",COUNTIF(Helper_Ingredient!$O$3:$O$20,AD7),COUNTIF(Helper_Ingredient!$P$3:$P$19,AD7)))>0),0) -> 0 | AI7: =IF(AH7>0,(AH7*1000000)+(AF7*1000)+AE7+ROW()/1000000,0) -> 0 | AJ7: =Data!A7 -> Pichu | AK7: =Data!H7 -> Inventory Up S | AL7: =Data!B7 -> 6 | AM7: =Data!R7 -> 1 | AN7: =Data!N7 -> Energy Recovery | AO7: =IF(AM7="",0,(AM7*1000)+AL7+ROW()/1000000) -> 1006
A8: Tip: | B8: honey • Pure Oil • Rousing Coffee | S8: =Data!A8 -> Slowpoke | T8: =Data!D8 -> Oran | U8: =Data!B8 -> 9 | V8: =Data!P8 -> 2 | W8: =Data!N8 -> EXP Gains | X8: =IF(OR(T8=$B$5,T8=$B$6,T8=$B$7),(V8*1000)+U8+ROW()/1000000,0) -> 0 | AA8: =Data!A8 -> Slowpoke | AB8: =Data!E8 -> Soothing Cacao | AC8: =Data!F8 -> Slowpoke Tail | AD8: =Data!G8 -> Soothing Cacao | AE8: =Data!B8 -> 9 | AF8: =Data!Q8 -> 1.5 | AG8: =Data!N8 -> EXP Gains | AH8: =(IF($H$5="Curries/Stews",COUNTIF(Helper_Ingredient!$N$3:$N$20,AB8),IF($H$5="Salads",COUNTIF(Helper_Ingredient!$O$3:$O$20,AB8),COUNTIF(Helper_Ingredient!$P$3:$P$19,AB8)))>0)+IF(AE8>=30,(IF($H$5="Curries/Stews",COUNTIF(Helper_Ingredient!$N$3:$N$20,AC8),IF($H$5="Salads",COUNTIF(Helper_Ingredient!$O$3:$O$20,AC8),COUNTIF(Helper_Ingredient!$P$3:$P$19,AC8)))>0),0)+IF(AE8>=60,(IF($H$5="Curries/Stews",COUNTIF(Helper_Ingredient!$N$3:$N$20,AD8),IF($H$5="Salads",COUNTIF(Helper_Ingredient!$O$3:$O$20,AD8),COUNTIF(Helper_Ingredient!$P$3:$P$19,AD8)))>0),0) -> 1 | AI8: =IF(AH8>0,(AH8*1000000)+(AF8*1000)+AE8+ROW()/1000000,0) -> 1001509 | AJ8: =Data!A8 -> Slowpoke | AK8: =Data!H8 -> Ingredient Finder S | AL8: =Data!B8 -> 9 | AM8: =Data!R8 -> 2 | AN8: =Data!N8 -> EXP Gains | AO8: =IF(AM8="",0,(AM8*1000)+AL8+ROW()/1000000) -> 2009
A9: Info: | B9: Chesto | S9: =Data!A9 -> Noibat | T9: =Data!D9 -> Yache | U9: =Data!B9 -> 14 | V9: =Data!P9 -> 0 | W9: =Data!N9 -> Neutral | X9: =IF(OR(T9=$B$5,T9=$B$6,T9=$B$7),(V9*1000)+U9+ROW()/1000000,0) -> 0 | AA9: =Data!A9 -> Noibat | AB9: =Data!E9 -> Fancy Apple | AC9: =Data!F9 -> Large Leek | AD9: =Data!G9 -> Bean Sausage | AE9: =Data!B9 -> 14 | AF9: =Data!Q9 -> 4.5 | AG9: =Data!N9 -> Neutral | AH9: =(IF($H$5="Curries/Stews",COUNTIF(Helper_Ingredient!$N$3:$N$20,AB9),IF($H$5="Salads",COUNTIF(Helper_Ingredient!$O$3:$O$20,AB9),COUNTIF(Helper_Ingredient!$P$3:$P$19,AB9)))>0)+IF(AE9>=30,(IF($H$5="Curries/Stews",COUNTIF(Helper_Ingredient!$N$3:$N$20,AC9),IF($H$5="Salads",COUNTIF(Helper_Ingredient!$O$3:$O$20,AC9),COUNTIF(Helper_Ingredient!$P$3:$P$19,AC9)))>0),0)+IF(AE9>=60,(IF($H$5="Curries/Stews",COUNTIF(Helper_Ingredient!$N$3:$N$20,AD9),IF($H$5="Salads",COUNTIF(Helper_Ingredient!$O$3:$O$20,AD9),COUNTIF(Helper_Ingredient!$P$3:$P$19,AD9)))>0),0) -> 0 | AI9: =IF(AH9>0,(AH9*1000000)+(AF9*1000)+AE9+ROW()/1000000,0) -> 0 | AJ9: =Data!A9 -> Noibat | AK9: =Data!H9 -> Inventory Up S | AL9: =Data!B9 -> 14 | AM9: =Data!R9 -> 1 | AN9: =Data!N9 -> Neutral | AO9: =IF(AM9="",0,(AM9*1000)+AL9+ROW()/1000000) -> 1014
S10: =Data!A10 -> Rattata | T10: =Data!D10 -> Persim | U10: =Data!B10 -> 8 | V10: =Data!P10 -> 1 | W10: =Data!N10 -> Ingredient Finding | X10: =IF(OR(T10=$B$5,T10=$B$6,T10=$B$7),(V10*1000)+U10+ROW()/1000000,0) -> 0 | AA10: =Data!A10 -> Rattata | AB10: =Data!E10 -> Fancy Apple | AC10: =Data!F10 -> Greengrass Soybeans | AD10: =Data!G10 -> Fancy Apple | AE10: =Data!B10 -> 8 | AF10: =Data!Q10 -> 5 | AG10: =Data!N10 -> Ingredient Finding | AH10: =(IF($H$5="Curries/Stews",COUNTIF(Helper_Ingredient!$N$3:$N$20,AB10),IF($H$5="Salads",COUNTIF(Helper_Ingredient!$O$3:$O$20,AB10),COUNTIF(Helper_Ingredient!$P$3:$P$19,AB10)))>0)+IF(AE10>=30,(IF($H$5="Curries/Stews",COUNTIF(Helper_Ingredient!$N$3:$N$20,AC10),IF($H$5="Salads",COUNTIF(Helper_Ingredient!$O$3:$O$20,AC10),COUNTIF(Helper_Ingredient!$P$3:$P$19,AC10)))>0),0)+IF(AE10>=60,(IF($H$5="Curries/Stews",COUNTIF(Helper_Ingredient!$N$3:$N$20,AD10),IF($H$5="Salads",COUNTIF(Helper_Ingredient!$O$3:$O$20,AD10),COUNTIF(Helper_Ingredient!$P$3:$P$19,AD10)))>0),0) -> 0 | AI10: =IF(AH10>0,(AH10*1000000)+(AF10*1000)+AE10+ROW()/1000000,0) -> 0 | AJ10: =Data!A10 -> Rattata | AK10: =Data!H10 -> Helping Speed S | AL10: =Data!B10 -> 8 | AM10: =Data!R10 -> 2 | AN10: =Data!N10 -> Ingredient Finding | AO10: =IF(AM10="",0,(AM10*1000)+AL10+ROW()/1000000) -> 2008
A11: # | B11: Pokémon | C11: Berry | D11: Score | E11: Nature + | G11: # | H11: Pokémon | I11: Ingr. L1 | J11: Score | K11: Nature + | M11: # | N11: Pokémon | O11: Main Skill (L10) | P11: Score | Q11: Nature + | S11: =Data!A11 -> Gulpin | T11: =Data!D11 -> Chesto | U11: =Data!B11 -> 9 | V11: =Data!P11 -> 2 | W11: =Data!N11 -> EXP Gains | X11: =IF(OR(T11=$B$5,T11=$B$6,T11=$B$7),(V11*1000)+U11+ROW()/1000000,0) -> 2009 | AA11: =Data!A11 -> Gulpin | AB11: =Data!E11 -> Greengrass Soybeans | AC11: =Data!F11 -> Greengrass Soybeans | AD11: =Data!G11 -> Tasty Mushroom | AE11: =Data!B11 -> 9 | AF11: =Data!Q11 -> 5.5 | AG11: =Data!N11 -> EXP Gains | AH11: =(IF($H$5="Curries/Stews",COUNTIF(Helper_Ingredient!$N$3:$N$20,AB11),IF($H$5="Salads",COUNTIF(Helper_Ingredient!$O$3:$O$20,AB11),COUNTIF(Helper_Ingredient!$P$3:$P$19,AB11)))>0)+IF(AE11>=30,(IF($H$5="Curries/Stews",COUNTIF(Helper_Ingredient!$N$3:$N$20,AC11),IF($H$5="Salads",COUNTIF(Helper_Ingredient!$O$3:$O$20,AC11),COUNTIF(Helper_Ingredient!$P$3:$P$19,AC11)))>0),0)+IF(AE11>=60,(IF($H$5="Curries/Stews",COUNTIF(Helper_Ingredient!$N$3:$N$20,AD11),IF($H$5="Salads",COUNTIF(Helper_Ingredient!$O$3:$O$20,AD11),COUNTIF(Helper_Ingredient!$P$3:$P$19,AD11)))>0),0) -> 1 | AI11: =IF(AH11>0,(AH11*1000000)+(AF11*1000)+AE11+ROW()/1000000,0) -> 1005509 | AJ11: =Data!A11 -> Gulpin | AK11: =Data!H11 -> Ingredient Finder M | AL11: =Data!B11 -> 9 | AM11: =Data!R11 -> 1 | AN11: =Data!N11 -> EXP Gains | AO11: =IF(AM11="",0,(AM11*1000)+AL11+ROW()/1000000) -> 1009
A12: 1 | B12: =IF($D12="","",INDEX($S$2:$S$250,MATCH(LARGE($X$2:$X$250,1),$X$2:$X$250,0))) -> Mareep | C12: =IF($D12="","",INDEX($T$2:$T$250,MATCH(LARGE($X$2:$X$250,1),$X$2:$X$250,0))) -> Grepa | D12: =IFERROR(IF(LARGE($X$2:$X$250,1)<=0,"",INDEX($V$2:$V$250,MATCH(LARGE($X$2:$X$250,1),$X$2:$X$250,0))),"") -> 4 | E12: =IF($D12="","",INDEX($W$2:$W$250,MATCH(LARGE($X$2:$X$250,1),$X$2:$X$250,0))) -> EXP Gains | G12: 1 | H12: =IF($J12="","",INDEX($AA$2:$AA$250,MATCH(LARGE($AI$2:$AI$250,1),$AI$2:$AI$250,0))) -> Psyduck | I12: =IF($J12="","",INDEX($AB$2:$AB$250,MATCH(LARGE($AI$2:$AI$250,1),$AI$2:$AI$250,0))) -> Soothing Cacao | J12: =IFERROR(INDEX($AF$2:$AF$250,MATCH(LARGE($AI$2:$AI$250,1),$AI$2:$AI$250,0)),"") -> 6.5 | K12: =IF($J12="","",INDEX($AG$2:$AG$250,MATCH(LARGE($AI$2:$AI$250,1),$AI$2:$AI$250,0))) -> EXP Gains | M12: 1 | N12: =IF(P12="","",INDEX($AJ$2:$AJ$49,MATCH(LARGE($AO$2:$AO$49,1),$AO$2:$AO$49,0))) -> Cubone | O12: =IF(P12="","",INDEX($AK$2:$AK$49,MATCH(LARGE($AO$2:$AO$49,1),$AO$2:$AO$49,0))) -> Skill Level Up M | P12: =IFERROR(INDEX($AM$2:$AM$49,MATCH(LARGE($AO$2:$AO$49,1),$AO$2:$AO$49,0)),"") -> 5 | Q12: =IF(P12="","",INDEX($AN$2:$AN$49,MATCH(LARGE($AO$2:$AO$49,1),$AO$2:$AO$49,0))) -> Energy Recovery | S12: =Data!A12 -> Swablu | T12: =Data!D12 -> Lum | U12: =Data!B12 -> 7 | V12: =Data!P12 -> 3 | W12: =Data!N12 -> Neutral | X12: =IF(OR(T12=$B$5,T12=$B$6,T12=$B$7),(V12*1000)+U12+ROW()/1000000,0) -> 0 | AA12: =Data!A12 -> Swablu | AB12: =Data!E12 -> Fancy Egg | AC12: =Data!F12 -> Greengrass Soybeans | AD12: =Data!G12 -> Fancy Egg | AE12: =Data!B12 -> 7 | AF12: =Data!Q12 -> 1.5 | AG12: =Data!N12 -> Neutral | AH12: =(IF($H$5="Curries/Stews",COUNTIF(Helper_Ingredient!$N$3:$N$20,AB12),IF($H$5="Salads",COUNTIF(Helper_Ingredient!$O$3:$O$20,AB12),COUNTIF(Helper_Ingredient!$P$3:$P$19,AB12)))>0)+IF(AE12>=30,(IF($H$5="Curries/Stews",COUNTIF(Helper_Ingredient!$N$3:$N$20,AC12),IF($H$5="Salads",COUNTIF(Helper_Ingredient!$O$3:$O$20,AC12),COUNTIF(Helper_Ingredient!$P$3:$P$19,AC12)))>0),0)+IF(AE12>=60,(IF($H$5="Curries/Stews",COUNTIF(Helper_Ingredient!$N$3:$N$20,AD12),IF($H$5="Salads",COUNTIF(Helper_Ingredient!$O$3:$O$20,AD12),COUNTIF(Helper_Ingredient!$P$3:$P$19,AD12)))>0),0) -> 1 | AI12: =IF(AH12>0,(AH12*1000000)+(AF12*1000)+AE12+ROW()/1000000,0) -> 1001507 | AJ12: =Data!A12 -> Swablu | AK12: =Data!H12 -> Skill Trigger S | AL12: =Data!B12 -> 7 | AM12: =Data!R12 -> 1 | AN12: =Data!N12 -> Neutral | AO12: =IF(AM12="",0,(AM12*1000)+AL12+ROW()/1000000) -> 1007
A13: 2 | B13: =IF($D13="","",INDEX($S$2:$S$250,MATCH(LARGE($X$2:$X$250,2),$X$2:$X$250,0))) -> Mareep | C13: =IF($D13="","",INDEX($T$2:$T$250,MATCH(LARGE($X$2:$X$250,2),$X$2:$X$250,0))) -> Grepa | D13: =IFERROR(IF(LARGE($X$2:$X$250,2)<=0,"",INDEX($V$2:$V$250,MATCH(LARGE($X$2:$X$250,2),$X$2:$X$250,0))),"") -> 3 | E13: =IF($D13="","",INDEX($W$2:$W$250,MATCH(LARGE($X$2:$X$250,2),$X$2:$X$250,0))) -> Speed of Help | G13: 2 | H13: =IF($J13="","",INDEX($AA$2:$AA$250,MATCH(LARGE($AI$2:$AI$250,2),$AI$2:$AI$250,0))) -> Gulpin | I13: =IF($J13="","",INDEX($AB$2:$AB$250,MATCH(LARGE($AI$2:$AI$250,2),$AI$2:$AI$250,0))) -> Greengrass Soybeans | J13: =IFERROR(INDEX($AF$2:$AF$250,MATCH(LARGE($AI$2:$AI$250,2),$AI$2:$AI$250,0)),"") -> 5.5 | K13: =IF($J13="","",INDEX($AG$2:$AG$250,MATCH(LARGE($AI$2:$AI$250,2),$AI$2:$AI$250,0))) -> EXP Gains | M13: 2 | N13: =IF(P13="","",INDEX($AJ$2:$AJ$49,MATCH(LARGE($AO$2:$AO$49,2),$AO$2:$AO$49,0))) -> Ivysaur | O13: =IF(P13="","",INDEX($AK$2:$AK$49,MATCH(LARGE($AO$2:$AO$49,2),$AO$2:$AO$49,0))) -> Skill Level Up S | P13: =IFERROR(INDEX($AM$2:$AM$49,MATCH(LARGE($AO$2:$AO$49,2),$AO$2:$AO$49,0)),"") -> 4 | Q13: =IF(P13="","",INDEX($AN$2:$AN$49,MATCH(LARGE($AO$2:$AO$49,2),$AO$2:$AO$49,0))) -> Main Skill Chance | S13: =Data!A13 -> Igglybuff | T13: =Data!D13 -> Pecha | U13: =Data!B13 -> 4 | V13: =Data!P13 -> 0 | W13: =Data!N13 -> Ingredient Finding | X13: =IF(OR(T13=$B$5,T13=$B$6,T13=$B$7),(V13*1000)+U13+ROW()/1000000,0) -> 0 | AA13: =Data!A13 -> Igglybuff | AB13: =Data!E13 -> Honey | AC13: =Data!F13 -> Pure Oil | AD13: =Data!G13 -> Honey | AE13: =Data!B13 -> 4 | AF13: =Data!Q13 -> 4.5 | AG13: =Data!N13 -> Ingredient Finding | AH13: =(IF($H$5="Curries/Stews",COUNTIF(Helper_Ingredient!$N$3:$N$20,AB13),IF($H$5="Salads",COUNTIF(Helper_Ingredient!$O$3:$O$20,AB13),COUNTIF(Helper_Ingredient!$P$3:$P$19,AB13)))>0)+IF(AE13>=30,(IF($H$5="Curries/Stews",COUNTIF(Helper_Ingredient!$N$3:$N$20,AC13),IF($H$5="Salads",COUNTIF(Helper_Ingredient!$O$3:$O$20,AC13),COUNTIF(Helper_Ingredient!$P$3:$P$19,AC13)))>0),0)+IF(AE13>=60,(IF($H$5="Curries/Stews",COUNTIF(Helper_Ingredient!$N$3:$N$20,AD13),IF($H$5="Salads",COUNTIF(Helper_Ingredient!$O$3:$O$20,AD13),COUNTIF(Helper_Ingredient!$P$3:$P$19,AD13)))>0),0) -> 1 | AI13: =IF(AH13>0,(AH13*1000000)+(AF13*1000)+AE13+ROW()/1000000,0) -> 1004504 | AJ13: =Data!A13 -> Igglybuff | AK13: =Data!H13 -> Ingredient Finder M | AL13: =Data!B13 -> 4 | AM13: =Data!R13 -> 2 | AN13: =Data!N13 -> Ingredient Finding | AO13: =IF(AM13="",0,(AM13*1000)+AL13+ROW()/1000000) -> 2004
A14: 3 | B14: =IF($D14="","",INDEX($S$2:$S$250,MATCH(LARGE($X$2:$X$250,3),$X$2:$X$250,0))) -> Gulpin | C14: =IF($D14="","",INDEX($T$2:$T$250,MATCH(LARGE($X$2:$X$250,3),$X$2:$X$250,0))) -> Chesto | D14: =IFERROR(IF(LARGE($X$2:$X$250,3)<=0,"",INDEX($V$2:$V$250,MATCH(LARGE($X$2:$X$250,3),$X$2:$X$250,0))),"") -> 2 | E14: =IF($D14="","",INDEX($W$2:$W$250,MATCH(LARGE($X$2:$X$250,3),$X$2:$X$250,0))) -> EXP Gains | G14: 3 | H14: =IF($J14="","",INDEX($AA$2:$AA$250,MATCH(LARGE($AI$2:$AI$250,3),$AI$2:$AI$250,0))) -> Igglybuff | I14: =IF($J14="","",INDEX($AB$2:$AB$250,MATCH(LARGE($AI$2:$AI$250,3),$AI$2:$AI$250,0))) -> Honey | J14: =IFERROR(INDEX($AF$2:$AF$250,MATCH(LARGE($AI$2:$AI$250,3),$AI$2:$AI$250,0)),"") -> 5.5 | K14: =IF($J14="","",INDEX($AG$2:$AG$250,MATCH(LARGE($AI$2:$AI$250,3),$AI$2:$AI$250,0))) -> EXP Gains | M14: 3 | N14: =IF(P14="","",INDEX($AJ$2:$AJ$49,MATCH(LARGE($AO$2:$AO$49,3),$AO$2:$AO$49,0))) -> Magnemite | O14: =IF(P14="","",INDEX($AK$2:$AK$49,MATCH(LARGE($AO$2:$AO$49,3),$AO$2:$AO$49,0))) -> Inventory Up L | P14: =IFERROR(INDEX($AM$2:$AM$49,MATCH(LARGE($AO$2:$AO$49,3),$AO$2:$AO$49,0)),"") -> 4 | Q14: =IF(P14="","",INDEX($AN$2:$AN$49,MATCH(LARGE($AO$2:$AO$49,3),$AO$2:$AO$49,0))) -> Neutral | S14: =Data!A14 -> Treecko | T14: =Data!D14 -> Durin | U14: =Data!B14 -> 5 | V14: =Data!P14 -> 3 | W14: =Data!N14 -> Speed of Help | X14: =IF(OR(T14=$B$5,T14=$B$6,T14=$B$7),(V14*1000)+U14+ROW()/1000000,0) -> 0 | AA14: =Data!A14 -> Treecko | AB14: =Data!E14 -> Fancy Egg | AC14: =Data!F14 -> Fancy Egg | AD14: =Data!G14 -> Fancy Egg | AE14: =Data!B14 -> 5 | AF14: =Data!Q14 -> 5 | AG14: =Data!N14 -> Speed of Help | AH14: =(IF($H$5="Curries/Stews",COUNTIF(Helper_Ingredient!$N$3:$N$20,AB14),IF($H$5="Salads",COUNTIF(Helper_Ingredient!$O$3:$O$20,AB14),COUNTIF(Helper_Ingredient!$P$3:$P$19,AB14)))>0)+IF(AE14>=30,(IF($H$5="Curries/Stews",COUNTIF(Helper_Ingredient!$N$3:$N$20,AC14),IF($H$5="Salads",COUNTIF(Helper_Ingredient!$O$3:$O$20,AC14),COUNTIF(Helper_Ingredient!$P$3:$P$19,AC14)))>0),0)+IF(AE14>=60,(IF($H$5="Curries/Stews",COUNTIF(Helper_Ingredient!$N$3:$N$20,AD14),IF($H$5="Salads",COUNTIF(Helper_Ingredient!$O$3:$O$20,AD14),COUNTIF(Helper_Ingredient!$P$3:$P$19,AD14)))>0),0) -> 1 | AI14: =IF(AH14>0,(AH14*1000000)+(AF14*1000)+AE14+ROW()/1000000,0) -> 1005005 | AJ14: =Data!A14 -> Treecko | AK14: =Data!H14 -> Inventory Up L | AL14: =Data!B14 -> 5 | AM14: =Data!R14 -> -1 | AN14: =Data!N14 -> Speed of Help | AO14: =IF(AM14="",0,(AM14*1000)+AL14+ROW()/1000000) -> -994.99999
A15: 4 | B15: =IF($D15="","",INDEX($S$2:$S$250,MATCH(LARGE($X$2:$X$250,4),$X$2:$X$250,0))) -> Pichu | C15: =IF($D15="","",INDEX($T$2:$T$250,MATCH(LARGE($X$2:$X$250,4),$X$2:$X$250,0))) -> Grepa | D15: =IFERROR(IF(LARGE($X$2:$X$250,4)<=0,"",INDEX($V$2:$V$250,MATCH(LARGE($X$2:$X$250,4),$X$2:$X$250,0))),"") -> 2 | E15: =IF($D15="","",INDEX($W$2:$W$250,MATCH(LARGE($X$2:$X$250,4),$X$2:$X$250,0))) -> Energy Recovery | G15: 4 | H15: =IF($J15="","",INDEX($AA$2:$AA$250,MATCH(LARGE($AI$2:$AI$250,4),$AI$2:$AI$250,0))) -> Totodile | I15: =IF($J15="","",INDEX($AB$2:$AB$250,MATCH(LARGE($AI$2:$AI$250,4),$AI$2:$AI$250,0))) -> Bean Sausage | J15: =IFERROR(INDEX($AF$2:$AF$250,MATCH(LARGE($AI$2:$AI$250,4),$AI$2:$AI$250,0)),"") -> 5.5 | K15: =IF($J15="","",INDEX($AG$2:$AG$250,MATCH(LARGE($AI$2:$AI$250,4),$AI$2:$AI$250,0))) -> Ingredient Finding | M15: 4 | N15: =IF(P15="","",INDEX($AJ$2:$AJ$49,MATCH(LARGE($AO$2:$AO$49,4),$AO$2:$AO$49,0))) -> Bonsly | O15: =IF(P15="","",INDEX($AK$2:$AK$49,MATCH(LARGE($AO$2:$AO$49,4),$AO$2:$AO$49,0))) -> Helping Speed S | P15: =IFERROR(INDEX($AM$2:$AM$49,MATCH(LARGE($AO$2:$AO$49,4),$AO$2:$AO$49,0)),"") -> 4 | Q15: =IF(P15="","",INDEX($AN$2:$AN$49,MATCH(LARGE($AO$2:$AO$49,4),$AO$2:$AO$49,0))) -> Speed of Help | S15: =Data!A15 -> Growlithe | T15: =Data!D15 -> Leppa | U15: =Data!B15 -> 10 | V15: =Data!P15 -> 1 | W15: =Data!N15 -> EXP Gains | X15: =IF(OR(T15=$B$5,T15=$B$6,T15=$B$7),(V15*1000)+U15+ROW()/1000000,0) -> 0 | AA15: =Data!A15 -> Growlithe | AB15: =Data!E15 -> Fiery Herb | AC15: =Data!F15 -> Bean Sausage | AD15: =Data!G15 -> Moomoo Milk | AE15: =Data!B15 -> 10 | AF15: =Data!Q15 -> 3 | AG15: =Data!N15 -> EXP Gains | AH15: =(IF($H$5="Curries/Stews",COUNTIF(Helper_Ingredient!$N$3:$N$20,AB15),IF($H$5="Salads",COUNTIF(Helper_Ingredient!$O$3:$O$20,AB15),COUNTIF(Helper_Ingredient!$P$3:$P$19,AB15)))>0)+IF(AE15>=30,(IF($H$5="Curries/Stews",COUNTIF(Helper_Ingredient!$N$3:$N$20,AC15),IF($H$5="Salads",COUNTIF(Helper_Ingredient!$O$3:$O$20,AC15),COUNTIF(Helper_Ingredient!$P$3:$P$19,AC15)))>0),0)+IF(AE15>=60,(IF($H$5="Curries/Stews",COUNTIF(Helper_Ingredient!$N$3:$N$20,AD15),IF($H$5="Salads",COUNTIF(Helper_Ingredient!$O$3:$O$20,AD15),COUNTIF(Helper_Ingredient!$P$3:$P$19,AD15)))>0),0) -> 1 | AI15: =IF(AH15>0,(AH15*1000000)+(AF15*1000)+AE15+ROW()/1000000,0) -> 1003010 | AJ15: =Data!A15 -> Growlithe | AK15: =Data!H15 -> Energy Recovery Bonus | AL15: =Data!B15 -> 10 | AM15: =Data!R15 -> 3.5 | AN15: =Data!N15 -> EXP Gains | AO15: =IF(AM15="",0,(AM15*1000)+AL15+ROW()/1000000) -> 3510
A16: 5 | B16: =IF($D16="","",INDEX($S$2:$S$250,MATCH(LARGE($X$2:$X$250,5),$X$2:$X$250,0))) -> Magnemite | C16: =IF($D16="","",INDEX($T$2:$T$250,MATCH(LARGE($X$2:$X$250,5),$X$2:$X$250,0))) -> Grepa | D16: =IFERROR(IF(LARGE($X$2:$X$250,5)<=0,"",INDEX($V$2:$V$250,MATCH(LARGE($X$2:$X$250,5),$X$2:$X$250,0))),"") -> 0 | E16: =IF($D16="","",INDEX($W$2:$W$250,MATCH(LARGE($X$2:$X$250,5),$X$2:$X$250,0))) -> Neutral | G16: 5 | H16: =IF($J16="","",INDEX($AA$2:$AA$250,MATCH(LARGE($AI$2:$AI$250,5),$AI$2:$AI$250,0))) -> Ivysaur | I16: =IF($J16="","",INDEX($AB$2:$AB$250,MATCH(LARGE($AI$2:$AI$250,5),$AI$2:$AI$250,0))) -> Honey | J16: =IFERROR(INDEX($AF$2:$AF$250,MATCH(LARGE($AI$2:$AI$250,5),$AI$2:$AI$250,0)),"") -> 5 | K16: =IF($J16="","",INDEX($AG$2:$AG$250,MATCH(LARGE($AI$2:$AI$250,5),$AI$2:$AI$250,0))) -> Ingredient Finding | M16: 5 | N16: =IF(P16="","",INDEX($AJ$2:$AJ$49,MATCH(LARGE($AO$2:$AO$49,5),$AO$2:$AO$49,0))) -> Charmander | O16: =IF(P16="","",INDEX($AK$2:$AK$49,MATCH(LARGE($AO$2:$AO$49,5),$AO$2:$AO$49,0))) -> Helping Speed S | P16: =IFERROR(INDEX($AM$2:$AM$49,MATCH(LARGE($AO$2:$AO$49,5),$AO$2:$AO$49,0)),"") -> 4 | Q16: =IF(P16="","",INDEX($AN$2:$AN$49,MATCH(LARGE($AO$2:$AO$49,5),$AO$2:$AO$49,0))) -> EXP Gains | S16: =Data!A16 -> Psyduck | T16: =Data!D16 -> Oran | U16: =Data!B16 -> 6 | V16: =Data!P16 -> -1 | W16: =Data!N16 -> Energy Recovery | X16: =IF(OR(T16=$B$5,T16=$B$6,T16=$B$7),(V16*1000)+U16+ROW()/1000000,0) -> 0 | AA16: =Data!A16 -> Psyduck | AB16: =Data!E16 -> Soothing Cacao | AC16: =Data!F16 -> Soothing Cacao | AD16: =Data!G16 -> Soothing Cacao | AE16: =Data!B16 -> 6 | AF16: =Data!Q16 -> 4.5 | AG16: =Data!N16 -> Energy Recovery | AH16: =(IF($H$5="Curries/Stews",COUNTIF(Helper_Ingredient!$N$3:$N$20,AB16),IF($H$5="Salads",COUNTIF(Helper_Ingredient!$O$3:$O$20,AB16),COUNTIF(Helper_Ingredient!$P$3:$P$19,AB16)))>0)+IF(AE16>=30,(IF($H$5="Curries/Stews",COUNTIF(Helper_Ingredient!$N$3:$N$20,AC16),IF($H$5="Salads",COUNTIF(Helper_Ingredient!$O$3:$O$20,AC16),COUNTIF(Helper_Ingredient!$P$3:$P$19,AC16)))>0),0)+IF(AE16>=60,(IF($H$5="Curries/Stews",COUNTIF(Helper_Ingredient!$N$3:$N$20,AD16),IF($H$5="Salads",COUNTIF(Helper_Ingredient!$O$3:$O$20,AD16),COUNTIF(Helper_Ingredient!$P$3:$P$19,AD16)))>0),0) -> 1 | AI16: =IF(AH16>0,(AH16*1000000)+(AF16*1000)+AE16+ROW()/1000000,0) -> 1004506 | AJ16: =Data!A16 -> Psyduck | AK16: =Data!H16 -> Inventory Up M | AL16: =Data!B16 -> 6 | AM16: =Data!R16 -> 2 | AN16: =Data!N16 -> Energy Recovery | AO16: =IF(AM16="",0,(AM16*1000)+AL16+ROW()/1000000) -> 2006
S17: =Data!A17 -> Riolu | T17: =Data!D17 -> Cheri | U17: =Data!B17 -> 6 | V17: =Data!P17 -> 6 | W17: =Data!N17 -> Speed of Help | X17: =IF(OR(T17=$B$5,T17=$B$6,T17=$B$7),(V17*1000)+U17+ROW()/1000000,0) -> 0 | AA17: =Data!A17 -> Riolu | AB17: =Data!E17 -> Pure Oil | AC17: =Data!F17 -> Soft Potato | AD17: =Data!G17 -> Pure Oil | AE17: =Data!B17 -> 6 | AF17: =Data!Q17 -> -1 | AG17: =Data!N17 -> Speed of Help | AH17: =(IF($H$5="Curries/Stews",COUNTIF(Helper_Ingredient!$N$3:$N$20,AB17),IF($H$5="Salads",COUNTIF(Helper_Ingredient!$O$3:$O$20,AB17),COUNTIF(Helper_Ingredient!$P$3:$P$19,AB17)))>0)+IF(AE17>=30,(IF($H$5="Curries/Stews",COUNTIF(Helper_Ingredient!$N$3:$N$20,AC17),IF($H$5="Salads",COUNTIF(Helper_Ingredient!$O$3:$O$20,AC17),COUNTIF(Helper_Ingredient!$P$3:$P$19,AC17)))>0),0)+IF(AE17>=60,(IF($H$5="Curries/Stews",COUNTIF(Helper_Ingredient!$N$3:$N$20,AD17),IF($H$5="Salads",COUNTIF(Helper_Ingredient!$O$3:$O$20,AD17),COUNTIF(Helper_Ingredient!$P$3:$P$19,AD17)))>0),0) -> 1 | AI17: =IF(AH17>0,(AH17*1000000)+(AF17*1000)+AE17+ROW()/1000000,0) -> 999006 | AJ17: =Data!A17 -> Riolu | AK17: =Data!H17 -> Helping Speed M | AL17: =Data!B17 -> 6 | AM17: =Data!R17 -> 2 | AN17: =Data!N17 -> Speed of Help | AO17: =IF(AM17="",0,(AM17*1000)+AL17+ROW()/1000000) -> 2006
A18: - Reserve - | G18: - Reserve - | M18: - Reserve - | S18: =Data!A18 -> Treecko | T18: =Data!D18 -> Durin | U18: =Data!B18 -> 8 | V18: =Data!P18 -> 3 | W18: =Data!N18 -> Ingredient Finding | X18: =IF(OR(T18=$B$5,T18=$B$6,T18=$B$7),(V18*1000)+U18+ROW()/1000000,0) -> 0 | AA18: =Data!A18 -> Treecko | AB18: =Data!E18 -> Fancy Egg | AC18: =Data!F18 -> Fancy Egg | AD18: =Data!G18 -> Rousing Coffee | AE18: =Data!B18 -> 8 | AF18: =Data!Q18 -> 3 | AG18: =Data!N18 -> Ingredient Finding | AH18: =(IF($H$5="Curries/Stews",COUNTIF(Helper_Ingredient!$N$3:$N$20,AB18),IF($H$5="Salads",COUNTIF(Helper_Ingredient!$O$3:$O$20,AB18),COUNTIF(Helper_Ingredient!$P$3:$P$19,AB18)))>0)+IF(AE18>=30,(IF($H$5="Curries/Stews",COUNTIF(Helper_Ingredient!$N$3:$N$20,AC18),IF($H$5="Salads",COUNTIF(Helper_Ingredient!$O$3:$O$20,AC18),COUNTIF(Helper_Ingredient!$P$3:$P$19,AC18)))>0),0)+IF(AE18>=60,(IF($H$5="Curries/Stews",COUNTIF(Helper_Ingredient!$N$3:$N$20,AD18),IF($H$5="Salads",COUNTIF(Helper_Ingredient!$O$3:$O$20,AD18),COUNTIF(Helper_Ingredient!$P$3:$P$19,AD18)))>0),0) -> 1 | AI18: =IF(AH18>0,(AH18*1000000)+(AF18*1000)+AE18+ROW()/1000000,0) -> 1003008 | AJ18: =Data!A18 -> Treecko | AK18: =Data!H18 -> Helping Speed S | AL18: =Data!B18 -> 8 | AM18: =Data!R18 -> 0 | AN18: =Data!N18 -> Ingredient Finding | AO18: =IF(AM18="",0,(AM18*1000)+AL18+ROW()/1000000) -> 8.000018
A19: 1 | B19: =IF($D19="","",INDEX($S$2:$S$250,MATCH(LARGE($X$2:$X$250,6),$X$2:$X$250,0))) | C19: =IF($D19="","",INDEX($T$2:$T$250,MATCH(LARGE($X$2:$X$250,6),$X$2:$X$250,0))) | D19: =IFERROR(IF(LARGE($X$2:$X$250,6)<=0,"",INDEX($V$2:$V$250,MATCH(LARGE($X$2:$X$250,6),$X$2:$X$250,0))),"") | E19: =IF($D19="","",INDEX($W$2:$W$250,MATCH(LARGE($X$2:$X$250,6),$X$2:$X$250,0))) | G19: 1 | H19: =IF($J19="","",INDEX($AA$2:$AA$250,MATCH(LARGE($AI$2:$AI$250,6),$AI$2:$AI$250,0))) -> Marshtomp | I19: =IF($J19="","",INDEX($AB$2:$AB$250,MATCH(LARGE($AI$2:$AI$250,6),$AI$2:$AI$250,0))) -> Greengrass Corn | J19: =IFERROR(INDEX($AF$2:$AF$250,MATCH(LARGE($AI$2:$AI$250,6),$AI$2:$AI$250,0)),"") -> 5 | K19: =IF($J19="","",INDEX($AG$2:$AG$250,MATCH(LARGE($AI$2:$AI$250,6),$AI$2:$AI$250,0))) -> Speed of Help | M19: 1 | N19: =IF(P19="","",INDEX($AJ$2:$AJ$49,MATCH(LARGE($AO$2:$AO$49,6),$AO$2:$AO$49,0))) -> Riolu | O19: =IF(P19="","",INDEX($AK$2:$AK$49,MATCH(LARGE($AO$2:$AO$49,6),$AO$2:$AO$49,0))) -> Inventory Up L | P19: =IFERROR(INDEX($AM$2:$AM$49,MATCH(LARGE($AO$2:$AO$49,6),$AO$2:$AO$49,0)),"") -> 4 | Q19: =IF(P19="","",INDEX($AN$2:$AN$49,MATCH(LARGE($AO$2:$AO$49,6),$AO$2:$AO$49,0))) -> Main Skill Chance | S19: =Data!A19 -> Swablu | T19: =Data!D19 -> Lum | U19: =Data!B19 -> 5 | V19: =Data!P19 -> 0 | W19: =Data!N19 -> EXP Gains | X19: =IF(OR(T19=$B$5,T19=$B$6,T19=$B$7),(V19*1000)+U19+ROW()/1000000,0) -> 0 | AA19: =Data!A19 -> Swablu | AB19: =Data!E19 -> Fancy Egg | AC19: =Data!F19 -> Greengrass Soybeans | AD19: =Data!G19 -> Greengrass Soybeans | AE19: =Data!B19 -> 5 | AF19: =Data!Q19 -> 3.5 | AG19: =Data!N19 -> EXP Gains | AH19: =(IF($H$5="Curries/Stews",COUNTIF(Helper_Ingredient!$N$3:$N$20,AB19),IF($H$5="Salads",COUNTIF(Helper_Ingredient!$O$3:$O$20,AB19),COUNTIF(Helper_Ingredient!$P$3:$P$19,AB19)))>0)+IF(AE19>=30,(IF($H$5="Curries/Stews",COUNTIF(Helper_Ingredient!$N$3:$N$20,AC19),IF($H$5="Salads",COUNTIF(Helper_Ingredient!$O$3:$O$20,AC19),COUNTIF(Helper_Ingredient!$P$3:$P$19,AC19)))>0),0)+IF(AE19>=60,(IF($H$5="Curries/Stews",COUNTIF(Helper_Ingredient!$N$3:$N$20,AD19),IF($H$5="Salads",COUNTIF(Helper_Ingredient!$O$3:$O$20,AD19),COUNTIF(Helper_Ingredient!$P$3:$P$19,AD19)))>0),0) -> 1 | AI19: =IF(AH19>0,(AH19*1000000)+(AF19*1000)+AE19+ROW()/1000000,0) -> 1003505 | AJ19: =Data!A19 -> Swablu | AK19: =Data!H19 -> Skill Trigger S | AL19: =Data!B19 -> 5 | AM19: =Data!R19 -> 3 | AN19: =Data!N19 -> EXP Gains | AO19: =IF(AM19="",0,(AM19*1000)+AL19+ROW()/1000000) -> 3005
A20: 2 | B20: =IF($D20="","",INDEX($S$2:$S$250,MATCH(LARGE($X$2:$X$250,7),$X$2:$X$250,0))) | C20: =IF($D20="","",INDEX($T$2:$T$250,MATCH(LARGE($X$2:$X$250,7),$X$2:$X$250,0))) | D20: =IFERROR(IF(LARGE($X$2:$X$250,7)<=0,"",INDEX($V$2:$V$250,MATCH(LARGE($X$2:$X$250,7),$X$2:$X$250,0))),"") | E20: =IF($D20="","",INDEX($W$2:$W$250,MATCH(LARGE($X$2:$X$250,7),$X$2:$X$250,0))) | G20: 2 | H20: =IF($J20="","",INDEX($AA$2:$AA$250,MATCH(LARGE($AI$2:$AI$250,7),$AI$2:$AI$250,0))) -> Treecko | I20: =IF($J20="","",INDEX($AB$2:$AB$250,MATCH(LARGE($AI$2:$AI$250,7),$AI$2:$AI$250,0))) -> Fancy Egg | J20: =IFERROR(INDEX($AF$2:$AF$250,MATCH(LARGE($AI$2:$AI$250,7),$AI$2:$AI$250,0)),"") -> 5 | K20: =IF($J20="","",INDEX($AG$2:$AG$250,MATCH(LARGE($AI$2:$AI$250,7),$AI$2:$AI$250,0))) -> Speed of Help | M20: 2 | N20: =IF(P20="","",INDEX($AJ$2:$AJ$49,MATCH(LARGE($AO$2:$AO$49,7),$AO$2:$AO$49,0))) -> Growlithe | O20: =IF(P20="","",INDEX($AK$2:$AK$49,MATCH(LARGE($AO$2:$AO$49,7),$AO$2:$AO$49,0))) -> Energy Recovery Bonus | P20: =IFERROR(INDEX($AM$2:$AM$49,MATCH(LARGE($AO$2:$AO$49,7),$AO$2:$AO$49,0)),"") -> 3.5 | Q20: =IF(P20="","",INDEX($AN$2:$AN$49,MATCH(LARGE($AO$2:$AO$49,7),$AO$2:$AO$49,0))) -> EXP Gains | S20: =Data!A20 -> Drifloon | T20: =Data!D20 -> Bluk | U20: =Data!B20 -> 6 | V20: =Data!P20 -> 3 | W20: =Data!N20 -> Speed of Help | X20: =IF(OR(T20=$B$5,T20=$B$6,T20=$B$7),(V20*1000)+U20+ROW()/1000000,0) -> 0 | AA20: =Data!A20 -> Drifloon | AB20: =Data!E20 -> Greengrass Corn | AC20: =Data!F20 -> Pure Oil | AD20: =Data!G20 -> Pure Oil | AE20: =Data!B20 -> 6 | AF20: =Data!Q20 -> 1.5 | AG20: =Data!N20 -> Speed of Help | AH20: =(IF($H$5="Curries/Stews",COUNTIF(Helper_Ingredient!$N$3:$N$20,AB20),IF($H$5="Salads",COUNTIF(Helper_Ingredient!$O$3:$O$20,AB20),COUNTIF(Helper_Ingredient!$P$3:$P$19,AB20)))>0)+IF(AE20>=30,(IF($H$5="Curries/Stews",COUNTIF(Helper_Ingredient!$N$3:$N$20,AC20),IF($H$5="Salads",COUNTIF(Helper_Ingredient!$O$3:$O$20,AC20),COUNTIF(Helper_Ingredient!$P$3:$P$19,AC20)))>0),0)+IF(AE20>=60,(IF($H$5="Curries/Stews",COUNTIF(Helper_Ingredient!$N$3:$N$20,AD20),IF($H$5="Salads",COUNTIF(Helper_Ingredient!$O$3:$O$20,AD20),COUNTIF(Helper_Ingredient!$P$3:$P$19,AD20)))>0),0) -> 1 | AI20: =IF(AH20>0,(AH20*1000000)+(AF20*1000)+AE20+ROW()/1000000,0) -> 1001506 | AJ20: =Data!A20 -> Drifloon | AK20: =Data!H20 -> Ingredient Finder S | AL20: =Data!B20 -> 6 | AM20: =Data!R20 -> 2 | AN20: =Data!N20 -> Speed of Help | AO20: =IF(AM20="",0,(AM20*1000)+AL20+ROW()/1000000) -> 2006
A21: 3 | B21: =IF($D21="","",INDEX($S$2:$S$250,MATCH(LARGE($X$2:$X$250,8),$X$2:$X$250,0))) | C21: =IF($D21="","",INDEX($T$2:$T$250,MATCH(LARGE($X$2:$X$250,8),$X$2:$X$250,0))) | D21: =IFERROR(IF(LARGE($X$2:$X$250,8)<=0,"",INDEX($V$2:$V$250,MATCH(LARGE($X$2:$X$250,8),$X$2:$X$250,0))),"") | E21: =IF($D21="","",INDEX($W$2:$W$250,MATCH(LARGE($X$2:$X$250,8),$X$2:$X$250,0))) | G21: 3 | H21: =IF($J21="","",INDEX($AA$2:$AA$250,MATCH(LARGE($AI$2:$AI$250,8),$AI$2:$AI$250,0))) -> Magnemite | I21: =IF($J21="","",INDEX($AB$2:$AB$250,MATCH(LARGE($AI$2:$AI$250,8),$AI$2:$AI$250,0))) -> Pure Oil | J21: =IFERROR(INDEX($AF$2:$AF$250,MATCH(LARGE($AI$2:$AI$250,8),$AI$2:$AI$250,0)),"") -> 4.5 | K21: =IF($J21="","",INDEX($AG$2:$AG$250,MATCH(LARGE($AI$2:$AI$250,8),$AI$2:$AI$250,0))) -> Neutral | M21: 3 | N21: =IF(P21="","",INDEX($AJ$2:$AJ$49,MATCH(LARGE($AO$2:$AO$49,8),$AO$2:$AO$49,0))) -> Latias | O21: =IF(P21="","",INDEX($AK$2:$AK$49,MATCH(LARGE($AO$2:$AO$49,8),$AO$2:$AO$49,0))) -> Sleep EXP Bonus | P21: =IFERROR(INDEX($AM$2:$AM$49,MATCH(LARGE($AO$2:$AO$49,8),$AO$2:$AO$49,0)),"") -> 3 | Q21: =IF(P21="","",INDEX($AN$2:$AN$49,MATCH(LARGE($AO$2:$AO$49,8),$AO$2:$AO$49,0))) -> Neutral | S21: =Data!A21 -> Mareep | T21: =Data!D21 -> Grepa | U21: =Data!B21 -> 11 | V21: =Data!P21 -> 4 | W21: =Data!N21 -> EXP Gains | X21: =IF(OR(T21=$B$5,T21=$B$6,T21=$B$7),(V21*1000)+U21+ROW()/1000000,0) -> 4011 | AA21: =Data!A21 -> Mareep | AB21: =Data!E21 -> Fiery Herb | AC21: =Data!F21 -> Fiery Herb | AD21: =Data!G21 -> Fiery Herb | AE21: =Data!B21 -> 11 | AF21: =Data!Q21 -> 4.5 | AG21: =Data!N21 -> EXP Gains | AH21: =(IF($H$5="Curries/Stews",COUNTIF(Helper_Ingredient!$N$3:$N$20,AB21),IF($H$5="Salads",COUNTIF(Helper_Ingredient!$O$3:$O$20,AB21),COUNTIF(Helper_Ingredient!$P$3:$P$19,AB21)))>0)+IF(AE21>=30,(IF($H$5="Curries/Stews",COUNTIF(Helper_Ingredient!$N$3:$N$20,AC21),IF($H$5="Salads",COUNTIF(Helper_Ingredient!$O$3:$O$20,AC21),COUNTIF(Helper_Ingredient!$P$3:$P$19,AC21)))>0),0)+IF(AE21>=60,(IF($H$5="Curries/Stews",COUNTIF(Helper_Ingredient!$N$3:$N$20,AD21),IF($H$5="Salads",COUNTIF(Helper_Ingredient!$O$3:$O$20,AD21),COUNTIF(Helper_Ingredient!$P$3:$P$19,AD21)))>0),0) -> 1 | AI21: =IF(AH21>0,(AH21*1000000)+(AF21*1000)+AE21+ROW()/1000000,0) -> 1004511 | AJ21: =Data!A21 -> Mareep | AK21: =Data!H21 -> Helping Speed S | AL21: =Data!B21 -> 11 | AM21: =Data!R21 -> 0 | AN21: =Data!N21 -> EXP Gains | AO21: =IF(AM21="",0,(AM21*1000)+AL21+ROW()/1000000) -> 11.000021
A22: 4 | B22: =IF($D22="","",INDEX($S$2:$S$250,MATCH(LARGE($X$2:$X$250,9),$X$2:$X$250,0))) | C22: =IF($D22="","",INDEX($T$2:$T$250,MATCH(LARGE($X$2:$X$250,9),$X$2:$X$250,0))) | D22: =IFERROR(IF(LARGE($X$2:$X$250,9)<=0,"",INDEX($V$2:$V$250,MATCH(LARGE($X$2:$X$250,9),$X$2:$X$250,0))),"") | E22: =IF($D22="","",INDEX($W$2:$W$250,MATCH(LARGE($X$2:$X$250,9),$X$2:$X$250,0))) | G22: 4 | H22: =IF($J22="","",INDEX($AA$2:$AA$250,MATCH(LARGE($AI$2:$AI$250,9),$AI$2:$AI$250,0))) -> Mareep | I22: =IF($J22="","",INDEX($AB$2:$AB$250,MATCH(LARGE($AI$2:$AI$250,9),$AI$2:$AI$250,0))) -> Fiery Herb | J22: =IFERROR(INDEX($AF$2:$AF$250,MATCH(LARGE($AI$2:$AI$250,9),$AI$2:$AI$250,0)),"") -> 4.5 | K22: =IF($J22="","",INDEX($AG$2:$AG$250,MATCH(LARGE($AI$2:$AI$250,9),$AI$2:$AI$250,0))) -> EXP Gains | M22: 4 | N22: =IF(P22="","",INDEX($AJ$2:$AJ$49,MATCH(LARGE($AO$2:$AO$49,9),$AO$2:$AO$49,0))) -> Cubone | O22: =IF(P22="","",INDEX($AK$2:$AK$49,MATCH(LARGE($AO$2:$AO$49,9),$AO$2:$AO$49,0))) -> Helping Speed M | P22: =IFERROR(INDEX($AM$2:$AM$49,MATCH(LARGE($AO$2:$AO$49,9),$AO$2:$AO$49,0)),"") -> 3 | Q22: =IF(P22="","",INDEX($AN$2:$AN$49,MATCH(LARGE($AO$2:$AO$49,9),$AO$2:$AO$49,0))) -> Speed of Help | S22: =Data!A22 -> Slowpoke | T22: =Data!D22 -> Oran | U22: =Data!B22 -> 5 | V22: =Data!P22 -> 1 | W22: =Data!N22 -> Energy Recovery | X22: =IF(OR(T22=$B$5,T22=$B$6,T22=$B$7),(V22*1000)+U22+ROW()/1000000,0) -> 0 | AA22: =Data!A22 -> Slowpoke | AB22: =Data!E22 -> Soothing Cacao | AC22: =Data!F22 -> Slowpoke Tail | AD22: =Data!G22 -> Slowpoke Tail | AE22: =Data!B22 -> 5 | AF22: =Data!Q22 -> 2.5 | AG22: =Data!N22 -> Energy Recovery | AH22: =(IF($H$5="Curries/Stews",COUNTIF(Helper_Ingredient!$N$3:$N$20,AB22),IF($H$5="Salads",COUNTIF(Helper_Ingredient!$O$3:$O$20,AB22),COUNTIF(Helper_Ingredient!$P$3:$P$19,AB22)))>0)+IF(AE22>=30,(IF($H$5="Curries/Stews",COUNTIF(Helper_Ingredient!$N$3:$N$20,AC22),IF($H$5="Salads",COUNTIF(Helper_Ingredient!$O$3:$O$20,AC22),COUNTIF(Helper_Ingredient!$P$3:$P$19,AC22)))>0),0)+IF(AE22>=60,(IF($H$5="Curries/Stews",COUNTIF(Helper_Ingredient!$N$3:$N$20,AD22),IF($H$5="Salads",COUNTIF(Helper_Ingredient!$O$3:$O$20,AD22),COUNTIF(Helper_Ingredient!$P$3:$P$19,AD22)))>0),0) -> 1 | AI22: =IF(AH22>0,(AH22*1000000)+(AF22*1000)+AE22+ROW()/1000000,0) -> 1002505 | AJ22: =Data!A22 -> Slowpoke | AK22: =Data!H22 -> Skill Trigger S | AL22: =Data!B22 -> 5 | AM22: =Data!R22 -> 1 | AN22: =Data!N22 -> Energy Recovery | AO22: =IF(AM22="",0,(AM22*1000)+AL22+ROW()/1000000) -> 1005
A23: 5 | B23: =IF($D23="","",INDEX($S$2:$S$250,MATCH(LARGE($X$2:$X$250,10),$X$2:$X$250,0))) | C23: =IF($D23="","",INDEX($T$2:$T$250,MATCH(LARGE($X$2:$X$250,10),$X$2:$X$250,0))) | D23: =IFERROR(IF(LARGE($X$2:$X$250,10)<=0,"",INDEX($V$2:$V$250,MATCH(LARGE($X$2:$X$250,10),$X$2:$X$250,0))),"") | E23: =IF($D23="","",INDEX($W$2:$W$250,MATCH(LARGE($X$2:$X$250,10),$X$2:$X$250,0))) | G23: 5 | H23: =IF($J23="","",INDEX($AA$2:$AA$250,MATCH(LARGE($AI$2:$AI$250,10),$AI$2:$AI$250,0))) -> Psyduck | I23: =IF($J23="","",INDEX($AB$2:$AB$250,MATCH(LARGE($AI$2:$AI$250,10),$AI$2:$AI$250,0))) -> Soothing Cacao | J23: =IFERROR(INDEX($AF$2:$AF$250,MATCH(LARGE($AI$2:$AI$250,10),$AI$2:$AI$250,0)),"") -> 4.5 | K23: =IF($J23="","",INDEX($AG$2:$AG$250,MATCH(LARGE($AI$2:$AI$250,10),$AI$2:$AI$250,0))) -> Energy Recovery | M23: 5 | N23: =IF(P23="","",INDEX($AJ$2:$AJ$49,MATCH(LARGE($AO$2:$AO$49,10),$AO$2:$AO$49,0))) -> Squirtle | O23: =IF(P23="","",INDEX($AK$2:$AK$49,MATCH(LARGE($AO$2:$AO$49,10),$AO$2:$AO$49,0))) -> Ingredient Finder S | P23: =IFERROR(INDEX($AM$2:$AM$49,MATCH(LARGE($AO$2:$AO$49,10),$AO$2:$AO$49,0)),"") -> 3 | Q23: =IF(P23="","",INDEX($AN$2:$AN$49,MATCH(LARGE($AO$2:$AO$49,10),$AO$2:$AO$49,0))) -> Neutral | S23: =Data!A23 -> Igglybuff | T23: =Data!D23 -> Pecha | U23: =Data!B23 -> 4 | V23: =Data!P23 -> 5 | W23: =Data!N23 -> Speed of Help | X23: =IF(OR(T23=$B$5,T23=$B$6,T23=$B$7),(V23*1000)+U23+ROW()/1000000,0) -> 0 | AA23: =Data!A23 -> Igglybuff | AB23: =Data!E23 -> Honey | AC23: =Data!F23 -> Pure Oil | AD23: =Data!G23 -> Honey | AE23: =Data!B23 -> 4 | AF23: =Data!Q23 -> 1 | AG23: =Data!N23 -> Speed of Help | AH23: =(IF($H$5="Curries/Stews",COUNTIF(Helper_Ingredient!$N$3:$N$20,AB23),IF($H$5="Salads",COUNTIF(Helper_Ingredient!$O$3:$O$20,AB23),COUNTIF(Helper_Ingredient!$P$3:$P$19,AB23)))>0)+IF(AE23>=30,(IF($H$5="Curries/Stews",COUNTIF(Helper_Ingredient!$N$3:$N$20,AC23),IF($H$5="Salads",COUNTIF(Helper_Ingredient!$O$3:$O$20,AC23),COUNTIF(Helper_Ingredient!$P$3:$P$19,AC23)))>0),0)+IF(AE23>=60,(IF($H$5="Curries/Stews",COUNTIF(Helper_Ingredient!$N$3:$N$20,AD23),IF($H$5="Salads",COUNTIF(Helper_Ingredient!$O$3:$O$20,AD23),COUNTIF(Helper_Ingredient!$P$3:$P$19,AD23)))>0),0) -> 1 | AI23: =IF(AH23>0,(AH23*1000000)+(AF23*1000)+AE23+ROW()/1000000,0) -> 1001004 | AJ23: =Data!A23 -> Igglybuff | AK23: =Data!H23 -> Ingredient Finder S | AL23: =Data!B23 -> 4 | AM23: =Data!R23 -> 0 | AN23: =Data!N23 -> Speed of Help | AO23: =IF(AM23="",0,(AM23*1000)+AL23+ROW()/1000000) -> 4.000023
S24: =Data!A24 -> Wynaut | T24: =Data!D24 -> Mago | U24: =Data!B24 -> 9 | V24: =Data!P24 -> 4 | W24: =Data!N24 -> EXP Gains | X24: =IF(OR(T24=$B$5,T24=$B$6,T24=$B$7),(V24*1000)+U24+ROW()/1000000,0) -> 0 | AA24: =Data!A24 -> Wynaut | AB24: =Data!E24 -> Fancy Apple | AC24: =Data!F24 -> Tasty Mushroom | AD24: =Data!G24 -> Pure Oil | AE24: =Data!B24 -> 9 | AF24: =Data!Q24 -> 0.5 | AG24: =Data!N24 -> EXP Gains | AH24: =(IF($H$5="Curries/Stews",COUNTIF(Helper_Ingredient!$N$3:$N$20,AB24),IF($H$5="Salads",COUNTIF(Helper_Ingredient!$O$3:$O$20,AB24),COUNTIF(Helper_Ingredient!$P$3:$P$19,AB24)))>0)+IF(AE24>=30,(IF($H$5="Curries/Stews",COUNTIF(Helper_Ingredient!$N$3:$N$20,AC24),IF($H$5="Salads",COUNTIF(Helper_Ingredient!$O$3:$O$20,AC24),COUNTIF(Helper_Ingredient!$P$3:$P$19,AC24)))>0),0)+IF(AE24>=60,(IF($H$5="Curries/Stews",COUNTIF(Helper_Ingredient!$N$3:$N$20,AD24),IF($H$5="Salads",COUNTIF(Helper_Ingredient!$O$3:$O$20,AD24),COUNTIF(Helper_Ingredient!$P$3:$P$19,AD24)))>0),0) -> 0 | AI24: =IF(AH24>0,(AH24*1000000)+(AF24*1000)+AE24+ROW()/1000000,0) -> 0 | AJ24: =Data!A24 -> Wynaut | AK24: =Data!H24 -> Helping Speed M | AL24: =Data!B24 -> 9 | AM24: =Data!R24 -> 2 | AN24: =Data!N24 -> EXP Gains | AO24: =IF(AM24="",0,(AM24*1000)+AL24+ROW()/1000000) -> 2009
S25: =Data!A25 -> Pichu | T25: =Data!D25 -> Grepa | U25: =Data!B25 -> 5 | V25: =Data!P25 -> -2 | W25: =Data!N25 -> Energy Recovery | X25: =IF(OR(T25=$B$5,T25=$B$6,T25=$B$7),(V25*1000)+U25+ROW()/1000000,0) -> -1995 | AA25: =Data!A25 -> Pichu | AB25: =Data!E25 -> Fancy Apple | AC25: =Data!F25 -> Warming Ginger | AD25: =Data!G25 -> Fancy Egg | AE25: =Data!B25 -> 5 | AF25: =Data!Q25 -> 3.5 | AG25: =Data!N25 -> Energy Recovery | AH25: =(IF($H$5="Curries/Stews",COUNTIF(Helper_Ingredient!$N$3:$N$20,AB25),IF($H$5="Salads",COUNTIF(Helper_Ingredient!$O$3:$O$20,AB25),COUNTIF(Helper_Ingredient!$P$3:$P$19,AB25)))>0)+IF(AE25>=30,(IF($H$5="Curries/Stews",COUNTIF(Helper_Ingredient!$N$3:$N$20,AC25),IF($H$5="Salads",COUNTIF(Helper_Ingredient!$O$3:$O$20,AC25),COUNTIF(Helper_Ingredient!$P$3:$P$19,AC25)))>0),0)+IF(AE25>=60,(IF($H$5="Curries/Stews",COUNTIF(Helper_Ingredient!$N$3:$N$20,AD25),IF($H$5="Salads",COUNTIF(Helper_Ingredient!$O$3:$O$20,AD25),COUNTIF(Helper_Ingredient!$P$3:$P$19,AD25)))>0),0) -> 0 | AI25: =IF(AH25>0,(AH25*1000000)+(AF25*1000)+AE25+ROW()/1000000,0) -> 0 | AJ25: =Data!A25 -> Pichu | AK25: =Data!H25 -> Ingredient Finder M | AL25: =Data!B25 -> 5 | AM25: =Data!R25 -> 2 | AN25: =Data!N25 -> Energy Recovery | AO25: =IF(AM25="",0,(AM25*1000)+AL25+ROW()/1000000) -> 2005
S26: =Data!A26 -> Larvitar | T26: =Data!D26 -> Sitrus | U26: =Data!B26 -> 7 | V26: =Data!P26 -> 3 | W26: =Data!N26 -> Neutral | X26: =IF(OR(T26=$B$5,T26=$B$6,T26=$B$7),(V26*1000)+U26+ROW()/1000000,0) -> 0 | AA26: =Data!A26 -> Larvitar | AB26: =Data!E26 -> Warming Ginger | AC26: =Data!F26 -> Greengrass Soybeans | AD26: =Data!G26 -> Greengrass Soybeans | AE26: =Data!B26 -> 7 | AF26: =Data!Q26 -> 2.5 | AG26: =Data!N26 -> Neutral | AH26: =(IF($H$5="Curries/Stews",COUNTIF(Helper_Ingredient!$N$3:$N$20,AB26),IF($H$5="Salads",COUNTIF(Helper_Ingredient!$O$3:$O$20,AB26),COUNTIF(Helper_Ingredient!$P$3:$P$19,AB26)))>0)+IF(AE26>=30,(IF($H$5="Curries/Stews",COUNTIF(Helper_Ingredient!$N$3:$N$20,AC26),IF($H$5="Salads",COUNTIF(Helper_Ingredient!$O$3:$O$20,AC26),COUNTIF(Helper_Ingredient!$P$3:$P$19,AC26)))>0),0)+IF(AE26>=60,(IF($H$5="Curries/Stews",COUNTIF(Helper_Ingredient!$N$3:$N$20,AD26),IF($H$5="Salads",COUNTIF(Helper_Ingredient!$O$3:$O$20,AD26),COUNTIF(Helper_Ingredient!$P$3:$P$19,AD26)))>0),0) -> 1 | AI26: =IF(AH26>0,(AH26*1000000)+(AF26*1000)+AE26+ROW()/1000000,0) -> 1002507 | AJ26: =Data!A26 -> Larvitar | AK26: =Data!H26 -> Helping Speed S | AL26: =Data!B26 -> 7 | AM26: =Data!R26 -> 2 | AN26: =Data!N26 -> Neutral | AO26: =IF(AM26="",0,(AM26*1000)+AL26+ROW()/1000000) -> 2007
S27: =Data!A27 -> Bulbasaur | T27: =Data!D27 -> Durin | U27: =Data!B27 -> 6 | V27: =Data!P27 -> 3 | W27: =Data!N27 -> Energy Recovery | X27: =IF(OR(T27=$B$5,T27=$B$6,T27=$B$7),(V27*1000)+U27+ROW()/1000000,0) -> 0 | AA27: =Data!A27 -> Bulbasaur | AB27: =Data!E27 -> Honey | AC27: =Data!F27 -> Honey | AD27: =Data!G27 -> Honey | AE27: =Data!B27 -> 6 | AF27: =Data!Q27 -> 1.5 | AG27: =Data!N27 -> Energy Recovery | AH27: =(IF($H$5="Curries/Stews",COUNTIF(Helper_Ingredient!$N$3:$N$20,AB27),IF($H$5="Salads",COUNTIF(Helper_Ingredient!$O$3:$O$20,AB27),COUNTIF(Helper_Ingredient!$P$3:$P$19,AB27)))>0)+IF(AE27>=30,(IF($H$5="Curries/Stews",COUNTIF(Helper_Ingredient!$N$3:$N$20,AC27),IF($H$5="Salads",COUNTIF(Helper_Ingredient!$O$3:$O$20,AC27),COUNTIF(Helper_Ingredient!$P$3:$P$19,AC27)))>0),0)+IF(AE27>=60,(IF($H$5="Curries/Stews",COUNTIF(Helper_Ingredient!$N$3:$N$20,AD27),IF($H$5="Salads",COUNTIF(Helper_Ingredient!$O$3:$O$20,AD27),COUNTIF(Helper_Ingredient!$P$3:$P$19,AD27)))>0),0) -> 1 | AI27: =IF(AH27>0,(AH27*1000000)+(AF27*1000)+AE27+ROW()/1000000,0) -> 1001506 | AJ27: =Data!A27 -> Bulbasaur | AK27: =Data!H27 -> Helping Speed M | AL27: =Data!B27 -> 6 | AM27: =Data!R27 -> 2 | AN27: =Data!N27 -> Energy Recovery | AO27: =IF(AM27="",0,(AM27*1000)+AL27+ROW()/1000000) -> 2006
S28: =Data!A28 -> Rattata | T28: =Data!D28 -> Persim | U28: =Data!B28 -> 6 | V28: =Data!P28 -> 1 | W28: =Data!N28 -> EXP Gains | X28: =IF(OR(T28=$B$5,T28=$B$6,T28=$B$7),(V28*1000)+U28+ROW()/1000000,0) -> 0 | AA28: =Data!A28 -> Rattata | AB28: =Data!E28 -> Fancy Apple | AC28: =Data!F28 -> Fancy Apple | AD28: =Data!G28 -> Greengrass Soybeans | AE28: =Data!B28 -> 6 | AF28: =Data!Q28 -> 6.5 | AG28: =Data!N28 -> EXP Gains | AH28: =(IF($H$5="Curries/Stews",COUNTIF(Helper_Ingredient!$N$3:$N$20,AB28),IF($H$5="Salads",COUNTIF(Helper_Ingredient!$O$3:$O$20,AB28),COUNTIF(Helper_Ingredient!$P$3:$P$19,AB28)))>0)+IF(AE28>=30,(IF($H$5="Curries/Stews",COUNTIF(Helper_Ingredient!$N$3:$N$20,AC28),IF($H$5="Salads",COUNTIF(Helper_Ingredient!$O$3:$O$20,AC28),COUNTIF(Helper_Ingredient!$P$3:$P$19,AC28)))>0),0)+IF(AE28>=60,(IF($H$5="Curries/Stews",COUNTIF(Helper_Ingredient!$N$3:$N$20,AD28),IF($H$5="Salads",COUNTIF(Helper_Ingredient!$O$3:$O$20,AD28),COUNTIF(Helper_Ingredient!$P$3:$P$19,AD28)))>0),0) -> 0 | AI28: =IF(AH28>0,(AH28*1000000)+(AF28*1000)+AE28+ROW()/1000000,0) -> 0 | AJ28: =Data!A28 -> Rattata | AK28: =Data!H28 -> Skill Level Up S | AL28: =Data!B28 -> 6 | AM28: =Data!R28 -> 1 | AN28: =Data!N28 -> EXP Gains | AO28: =IF(AM28="",0,(AM28*1000)+AL28+ROW()/1000000) -> 1006
S29: =Data!A29 -> Mudkip | T29: =Data!D29 -> Oran | U29: =Data!B29 -> 6 | V29: =Data!P29 -> 3 | W29: =Data!N29 -> EXP Gains | X29: =IF(OR(T29=$B$5,T29=$B$6,T29=$B$7),(V29*1000)+U29+ROW()/1000000,0) -> 0 | AA29: =Data!A29 -> Mudkip | AB29: =Data!E29 -> Greengrass Corn | AC29: =Data!F29 -> Moomoo Milk | AD29: =Data!G29 -> Greengrass Corn | AE29: =Data!B29 -> 6 | AF29: =Data!Q29 -> 2.5 | AG29: =Data!N29 -> EXP Gains | AH29: =(IF($H$5="Curries/Stews",COUNTIF(Helper_Ingredient!$N$3:$N$20,AB29),IF($H$5="Salads",COUNTIF(Helper_Ingredient!$O$3:$O$20,AB29),COUNTIF(Helper_Ingredient!$P$3:$P$19,AB29)))>0)+IF(AE29>=30,(IF($H$5="Curries/Stews",COUNTIF(Helper_Ingredient!$N$3:$N$20,AC29),IF($H$5="Salads",COUNTIF(Helper_Ingredient!$O$3:$O$20,AC29),COUNTIF(Helper_Ingredient!$P$3:$P$19,AC29)))>0),0)+IF(AE29>=60,(IF($H$5="Curries/Stews",COUNTIF(Helper_Ingredient!$N$3:$N$20,AD29),IF($H$5="Salads",COUNTIF(Helper_Ingredient!$O$3:$O$20,AD29),COUNTIF(Helper_Ingredient!$P$3:$P$19,AD29)))>0),0) -> 1 | AI29: =IF(AH29>0,(AH29*1000000)+(AF29*1000)+AE29+ROW()/1000000,0) -> 1002506 | AJ29: =Data!A29 -> Mudkip | AK29: =Data!H29 -> Ingredient Finder S | AL29: =Data!B29 -> 6 | AM29: =Data!R29 -> 3 | AN29: =Data!N29 -> EXP Gains | AO29: =IF(AM29="",0,(AM29*1000)+AL29+ROW()/1000000) -> 3006
S30: =Data!A30 -> Cubone | T30: =Data!D30 -> Figy | U30: =Data!B30 -> 5 | V30: =Data!P30 -> 2 | W30: =Data!N30 -> Energy Recovery | X30: =IF(OR(T30=$B$5,T30=$B$6,T30=$B$7),(V30*1000)+U30+ROW()/1000000,0) -> 0 | AA30: =Data!A30 -> Cubone | AB30: =Data!E30 -> Warming Ginger | AC30: =Data!F30 -> Soothing Cacao | AD30: =Data!G30 -> Warming Ginger | AE30: =Data!B30 -> 5 | AF30: =Data!Q30 -> -2 | AG30: =Data!N30 -> Energy Recovery | AH30: =(IF($H$5="Curries/Stews",COUNTIF(Helper_Ingredient!$N$3:$N$20,AB30),IF($H$5="Salads",COUNTIF(Helper_Ingredient!$O$3:$O$20,AB30),COUNTIF(Helper_Ingredient!$P$3:$P$19,AB30)))>0)+IF(AE30>=30,(IF($H$5="Curries/Stews",COUNTIF(Helper_Ingredient!$N$3:$N$20,AC30),IF($H$5="Salads",COUNTIF(Helper_Ingredient!$O$3:$O$20,AC30),COUNTIF(Helper_Ingredient!$P$3:$P$19,AC30)))>0),0)+IF(AE30>=60,(IF($H$5="Curries/Stews",COUNTIF(Helper_Ingredient!$N$3:$N$20,AD30),IF($H$5="Salads",COUNTIF(Helper_Ingredient!$O$3:$O$20,AD30),COUNTIF(Helper_Ingredient!$P$3:$P$19,AD30)))>0),0) -> 1 | AI30: =IF(AH30>0,(AH30*1000000)+(AF30*1000)+AE30+ROW()/1000000,0) -> 998005 | AJ30: =Data!A30 -> Cubone | AK30: =Data!H30 -> Skill Level Up M | AL30: =Data!B30 -> 5 | AM30: =Data!R30 -> 5 | AN30: =Data!N30 -> Energy Recovery | AO30: =IF(AM30="",0,(AM30*1000)+AL30+ROW()/1000000) -> 5005
S31: =Data!A31 -> Togepi | T31: =Data!D31 -> Pecha | U31: =Data!B31 -> 8 | V31: =Data!P31 -> 5 | W31: =Data!N31 -> Speed of Help | X31: =IF(OR(T31=$B$5,T31=$B$6,T31=$B$7),(V31*1000)+U31+ROW()/1000000,0) -> 0 | AA31: =Data!A31 -> Togepi | AB31: =Data!E31 -> Fancy Egg | AC31: =Data!F31 -> Warming Ginger | AD31: =Data!G31 -> Warming Ginger | AE31: =Data!B31 -> 8 | AF31: =Data!Q31 -> 2.5 | AG31: =Data!N31 -> Speed of Help | AH31: =(IF($H$5="Curries/Stews",COUNTIF(Helper_Ingredient!$N$3:$N$20,AB31),IF($H$5="Salads",COUNTIF(Helper_Ingredient!$O$3:$O$20,AB31),COUNTIF(Helper_Ingredient!$P$3:$P$19,AB31)))>0)+IF(AE31>=30,(IF($H$5="Curries/Stews",COUNTIF(Helper_Ingredient!$N$3:$N$20,AC31),IF($H$5="Salads",COUNTIF(Helper_Ingredient!$O$3:$O$20,AC31),COUNTIF(Helper_Ingredient!$P$3:$P$19,AC31)))>0),0)+IF(AE31>=60,(IF($H$5="Curries/Stews",COUNTIF(Helper_Ingredient!$N$3:$N$20,AD31),IF($H$5="Salads",COUNTIF(Helper_Ingredient!$O$3:$O$20,AD31),COUNTIF(Helper_Ingredient!$P$3:$P$19,AD31)))>0),0) -> 1 | AI31: =IF(AH31>0,(AH31*1000000)+(AF31*1000)+AE31+ROW()/1000000,0) -> 1002508 | AJ31: =Data!A31 -> Togepi | AK31: =Data!H31 -> Inventory Up L | AL31: =Data!B31 -> 8 | AM31: =Data!R31 -> 0 | AN31: =Data!N31 -> Speed of Help | AO31: =IF(AM31="",0,(AM31*1000)+AL31+ROW()/1000000) -> 8.000031
S32: =Data!A32 -> Geodude | T32: =Data!D32 -> Sitrus | U32: =Data!B32 -> 8 | V32: =Data!P32 -> 1 | W32: =Data!N32 -> Neutral | X32: =IF(OR(T32=$B$5,T32=$B$6,T32=$B$7),(V32*1000)+U32+ROW()/1000000,0) -> 0 | AA32: =Data!A32 -> Geodude | AB32: =Data!E32 -> Greengrass Soybeans | AC32: =Data!F32 -> Greengrass Soybeans | AD32: =Data!G32 -> Tasty Mushroom | AE32: =Data!B32 -> 8 | AF32: =Data!Q32 -> 2.5 | AG32: =Data!N32 -> Neutral | AH32: =(IF($H$5="Curries/Stews",COUNTIF(Helper_Ingredient!$N$3:$N$20,AB32),IF($H$5="Salads",COUNTIF(Helper_Ingredient!$O$3:$O$20,AB32),COUNTIF(Helper_Ingredient!$P$3:$P$19,AB32)))>0)+IF(AE32>=30,(IF($H$5="Curries/Stews",COUNTIF(Helper_Ingredient!$N$3:$N$20,AC32),IF($H$5="Salads",COUNTIF(Helper_Ingredient!$O$3:$O$20,AC32),COUNTIF(Helper_Ingredient!$P$3:$P$19,AC32)))>0),0)+IF(AE32>=60,(IF($H$5="Curries/Stews",COUNTIF(Helper_Ingredient!$N$3:$N$20,AD32),IF($H$5="Salads",COUNTIF(Helper_Ingredient!$O$3:$O$20,AD32),COUNTIF(Helper_Ingredient!$P$3:$P$19,AD32)))>0),0) -> 1 | AI32: =IF(AH32>0,(AH32*1000000)+(AF32*1000)+AE32+ROW()/1000000,0) -> 1002508 | AJ32: =Data!A32 -> Geodude | AK32: =Data!H32 -> Inventory Up S | AL32: =Data!B32 -> 8 | AM32: =Data!R32 -> 2.5 | AN32: =Data!N32 -> Neutral | AO32: =IF(AM32="",0,(AM32*1000)+AL32+ROW()/1000000) -> 2508
S33: =Data!A33 -> Totodile | T33: =Data!D33 -> Oran | U33: =Data!B33 -> 6 | V33: =Data!P33 -> 1 | W33: =Data!N33 -> Ingredient Finding | X33: =IF(OR(T33=$B$5,T33=$B$6,T33=$B$7),(V33*1000)+U33+ROW()/1000000,0) -> 0 | AA33: =Data!A33 -> Totodile | AB33: =Data!E33 -> Bean Sausage | AC33: =Data!F33 -> Pure Oil | AD33: =Data!G33 -> Pure Oil | AE33: =Data!B33 -> 6 | AF33: =Data!Q33 -> 5.5 | AG33: =Data!N33 -> Ingredient Finding | AH33: =(IF($H$5="Curries/Stews",COUNTIF(Helper_Ingredient!$N$3:$N$20,AB33),IF($H$5="Salads",COUNTIF(Helper_Ingredient!$O$3:$O$20,AB33),COUNTIF(Helper_Ingredient!$P$3:$P$19,AB33)))>0)+IF(AE33>=30,(IF($H$5="Curries/Stews",COUNTIF(Helper_Ingredient!$N$3:$N$20,AC33),IF($H$5="Salads",COUNTIF(Helper_Ingredient!$O$3:$O$20,AC33),COUNTIF(Helper_Ingredient!$P$3:$P$19,AC33)))>0),0)+IF(AE33>=60,(IF($H$5="Curries/Stews",COUNTIF(Helper_Ingredient!$N$3:$N$20,AD33),IF($H$5="Salads",COUNTIF(Helper_Ingredient!$O$3:$O$20,AD33),COUNTIF(Helper_Ingredient!$P$3:$P$19,AD33)))>0),0) -> 1 | AI33: =IF(AH33>0,(AH33*1000000)+(AF33*1000)+AE33+ROW()/1000000,0) -> 1005506 | AJ33: =Data!A33 -> Totodile | AK33: =Data!H33 -> Skill Trigger S | AL33: =Data!B33 -> 6 | AM33: =Data!R33 -> 1 | AN33: =Data!N33 -> Ingredient Finding | AO33: =IF(AM33="",0,(AM33*1000)+AL33+ROW()/1000000) -> 1006
S34: =Data!A34 -> Houndour | T34: =Data!D34 -> Wiki | U34: =Data!B34 -> 4 | V34: =Data!P34 -> 1 | W34: =Data!N34 -> EXP Gains | X34: =IF(OR(T34=$B$5,T34=$B$6,T34=$B$7),(V34*1000)+U34+ROW()/1000000,0) -> 0 | AA34: =Data!A34 -> Houndour | AB34: =Data!E34 -> Fiery Herb | AC34: =Data!F34 -> Fiery Herb | AD34: =Data!G34 -> Warming Ginger | AE34: =Data!B34 -> 4 | AF34: =Data!Q34 -> 3.5 | AG34: =Data!N34 -> EXP Gains | AH34: =(IF($H$5="Curries/Stews",COUNTIF(Helper_Ingredient!$N$3:$N$20,AB34),IF($H$5="Salads",COUNTIF(Helper_Ingredient!$O$3:$O$20,AB34),COUNTIF(Helper_Ingredient!$P$3:$P$19,AB34)))>0)+IF(AE34>=30,(IF($H$5="Curries/Stews",COUNTIF(Helper_Ingredient!$N$3:$N$20,AC34),IF($H$5="Salads",COUNTIF(Helper_Ingredient!$O$3:$O$20,AC34),COUNTIF(Helper_Ingredient!$P$3:$P$19,AC34)))>0),0)+IF(AE34>=60,(IF($H$5="Curries/Stews",COUNTIF(Helper_Ingredient!$N$3:$N$20,AD34),IF($H$5="Salads",COUNTIF(Helper_Ingredient!$O$3:$O$20,AD34),COUNTIF(Helper_Ingredient!$P$3:$P$19,AD34)))>0),0) -> 1 | AI34: =IF(AH34>0,(AH34*1000000)+(AF34*1000)+AE34+ROW()/1000000,0) -> 1003504 | AJ34: =Data!A34 -> Houndour | AK34: =Data!H34 -> Skill Trigger M | AL34: =Data!B34 -> 4 | AM34: =Data!R34 -> 3 | AN34: =Data!N34 -> EXP Gains | AO34: =IF(AM34="",0,(AM34*1000)+AL34+ROW()/1000000) -> 3004
S35: =Data!A35 -> Riolu | T35: =Data!D35 -> Cheri | U35: =Data!B35 -> 5 | V35: =Data!P35 -> -1 | W35: =Data!N35 -> Main Skill Chance | X35: =IF(OR(T35=$B$5,T35=$B$6,T35=$B$7),(V35*1000)+U35+ROW()/1000000,0) -> 0 | AA35: =Data!A35 -> Riolu | AB35: =Data!E35 -> Pure Oil | AC35: =Data!F35 -> Soft Potato | AD35: =Data!G35 -> Soft Potato | AE35: =Data!B35 -> 5 | AF35: =Data!Q35 -> 3.5 | AG35: =Data!N35 -> Main Skill Chance | AH35: =(IF($H$5="Curries/Stews",COUNTIF(Helper_Ingredient!$N$3:$N$20,AB35),IF($H$5="Salads",COUNTIF(Helper_Ingredient!$O$3:$O$20,AB35),COUNTIF(Helper_Ingredient!$P$3:$P$19,AB35)))>0)+IF(AE35>=30,(IF($H$5="Curries/Stews",COUNTIF(Helper_Ingredient!$N$3:$N$20,AC35),IF($H$5="Salads",COUNTIF(Helper_Ingredient!$O$3:$O$20,AC35),COUNTIF(Helper_Ingredient!$P$3:$P$19,AC35)))>0),0)+IF(AE35>=60,(IF($H$5="Curries/Stews",COUNTIF(Helper_Ingredient!$N$3:$N$20,AD35),IF($H$5="Salads",COUNTIF(Helper_Ingredient!$O$3:$O$20,AD35),COUNTIF(Helper_Ingredient!$P$3:$P$19,AD35)))>0),0) -> 1 | AI35: =IF(AH35>0,(AH35*1000000)+(AF35*1000)+AE35+ROW()/1000000,0) -> 1003505 | AJ35: =Data!A35 -> Riolu | AK35: =Data!H35 -> Inventory Up L | AL35: =Data!B35 -> 5 | AM35: =Data!R35 -> 4 | AN35: =Data!N35 -> Main Skill Chance | AO35: =IF(AM35="",0,(AM35*1000)+AL35+ROW()/1000000) -> 4005
... S49: =Data!A49 -> Slowpoke | T49: =Data!D49 -> Oran | U49: =Data!B49 -> 6 | V49: =Data!P49 -> 1 | W49: =Data!N49 -> Neutral | X49: =IF(OR(T49=$B$5,T49=$B$6,T49=$B$7),(V49*1000)+U49+ROW()/1000000,0) -> 0 | AA49: =Data!A49 -> Slowpoke | AB49: =Data!E49 -> Soothing Cacao | AC49: =Data!F49 -> Slowpoke Tail | AD49: =Data!G49 -> Snoozy Tomato | AE49: =Data!B49 -> 6 | AF49: =Data!Q49 -> 2.5 | AG49: =Data!N49 -> Neutral | AH49: =(IF($H$5="Curries/Stews",COUNTIF(Helper_Ingredient!$N$3:$N$20,AB49),IF($H$5="Salads",COUNTIF(Helper_Ingredient!$O$3:$O$20,AB49),COUNTIF(Helper_Ingredient!$P$3:$P$19,AB49)))>0)+IF(AE49>=30,(IF($H$5="Curries/Stews",COUNTIF(Helper_Ingredient!$N$3:$N$20,AC49),IF($H$5="Salads",COUNTIF(Helper_Ingredient!$O$3:$O$20,AC49),COUNTIF(Helper_Ingredient!$P$3:$P$19,AC49)))>0),0)+IF(AE49>=60,(IF($H$5="Curries/Stews",COUNTIF(Helper_Ingredient!$N$3:$N$20,AD49),IF($H$5="Salads",COUNTIF(Helper_Ingredient!$O$3:$O$20,AD49),COUNTIF(Helper_Ingredient!$P$3:$P$19,AD49)))>0),0) -> 1 | AI49: =IF(AH49>0,(AH49*1000000)+(AF49*1000)+AE49+ROW()/1000000,0) -> 1002506 | AJ49: =Data!A49 -> Slowpoke | AK49: =Data!H49 -> Skill Trigger S | AL49: =Data!B49 -> 6 | AM49: =Data!R49 -> 1 | AN49: =Data!N49 -> Neutral | AO49: =IF(AM49="",0,(AM49*1000)+AL49+ROW()/1000000) -> 1006
S50: =Data!A50 -> Latias | T50: =Data!D50 -> Yache | U50: =Data!B50 -> 26 | V50: =Data!P50 -> 2 | W50: =Data!N50 -> Speed of Help | X50: =IF(OR(T50=$B$5,T50=$B$6,T50=$B$7),(V50*1000)+U50+ROW()/1000000,0) -> 0 | AA50: =Data!A50 -> Latias | AB50: =Data!E50 -> Snoozy Tomato | AC50: =Data!F50 -> Plump Pumpkin | AD50: =Data!G50 -> Plump Pumpkin | AE50: =Data!B50 -> 26 | AF50: =Data!Q50 -> 4 | AG50: =Data!N50 -> Speed of Help | AH50: =(IF($H$5="Curries/Stews",COUNTIF(Helper_Ingredient!$N$3:$N$20,AB50),IF($H$5="Salads",COUNTIF(Helper_Ingredient!$O$3:$O$20,AB50),COUNTIF(Helper_Ingredient!$P$3:$P$19,AB50)))>0)+IF(AE50>=30,(IF($H$5="Curries/Stews",COUNTIF(Helper_Ingredient!$N$3:$N$20,AC50),IF($H$5="Salads",COUNTIF(Helper_Ingredient!$O$3:$O$20,AC50),COUNTIF(Helper_Ingredient!$P$3:$P$19,AC50)))>0),0)+IF(AE50>=60,(IF($H$5="Curries/Stews",COUNTIF(Helper_Ingredient!$N$3:$N$20,AD50),IF($H$5="Salads",COUNTIF(Helper_Ingredient!$O$3:$O$20,AD50),COUNTIF(Helper_Ingredient!$P$3:$P$19,AD50)))>0),0) -> 1 | AI50: =IF(AH50>0,(AH50*1000000)+(AF50*1000)+AE50+ROW()/1000000,0) -> 1004026 | AJ50: =Data!A50 -> Latias | AK50: =Data!H50 -> Sleep EXP Bonus | AL50: =Data!B50 -> 26 | AM50: =Data!R50 -> 1.5 | AN50: =Data!N50 -> Speed of Help | AO50: =(AM50*1000)+AL50+ROW()/1000000 -> 1526.0001
S51: =Data!A51 -> Ivysaur | T51: =Data!D51 -> Durin | U51: =Data!B51 -> 24 | V51: =Data!P51 -> 3 | W51: =Data!N51 -> Ingredient Finding | X51: =IF(OR(T51=$B$5,T51=$B$6,T51=$B$7),(V51*1000)+U51+ROW()/1000000,0) -> 0 | AA51: =Data!A51 -> Ivysaur | AB51: =Data!E51 -> Honey | AC51: =Data!F51 -> Honey | AD51: =Data!G51 -> Snoozy Tomato | AE51: =Data!B51 -> 24 | AF51: =Data!Q51 -> 5 | AG51: =Data!N51 -> Ingredient Finding | AH51: =(IF($H$5="Curries/Stews",COUNTIF(Helper_Ingredient!$N$3:$N$20,AB51),IF($H$5="Salads",COUNTIF(Helper_Ingredient!$O$3:$O$20,AB51),COUNTIF(Helper_Ingredient!$P$3:$P$19,AB51)))>0)+IF(AE51>=30,(IF($H$5="Curries/Stews",COUNTIF(Helper_Ingredient!$N$3:$N$20,AC51),IF($H$5="Salads",COUNTIF(Helper_Ingredient!$O$3:$O$20,AC51),COUNTIF(Helper_Ingredient!$P$3:$P$19,AC51)))>0),0)+IF(AE51>=60,(IF($H$5="Curries/Stews",COUNTIF(Helper_Ingredient!$N$3:$N$20,AD51),IF($H$5="Salads",COUNTIF(Helper_Ingredient!$O$3:$O$20,AD51),COUNTIF(Helper_Ingredient!$P$3:$P$19,AD51)))>0),0) -> 1 | AI51: =IF(AH51>0,(AH51*1000000)+(AF51*1000)+AE51+ROW()/1000000,0) -> 1005024 | AJ51: =Data!A51 -> Ivysaur | AK51: =Data!H51 -> Helping Speed S | AL51: =Data!B51 -> 24 | AM51: =Data!R51 -> 0 | AN51: =Data!N51 -> Ingredient Finding | AO51: =(AM51*1000)+AL51+ROW()/1000000 -> 24.000051
S52: =Data!A52 -> Wobbuffet | T52: =Data!D52 -> Mago | U52: =Data!B52 -> 10 | V52: =Data!P52 -> 1 | W52: =Data!N52 -> Neutral | X52: =IF(OR(T52=$B$5,T52=$B$6,T52=$B$7),(V52*1000)+U52+ROW()/1000000,0) -> 0 | AA52: =Data!A52 -> Wobbuffet | AB52: =Data!E52 -> Fancy Apple | AC52: =Data!F52 -> Fancy Apple | AD52: =Data!G52 -> Pure Oil | AE52: =Data!B52 -> 10 | AF52: =Data!Q52 -> 2.5 | AG52: =Data!N52 -> Neutral | AH52: =(IF($H$5="Curries/Stews",COUNTIF(Helper_Ingredient!$N$3:$N$20,AB52),IF($H$5="Salads",COUNTIF(Helper_Ingredient!$O$3:$O$20,AB52),COUNTIF(Helper_Ingredient!$P$3:$P$19,AB52)))>0)+IF(AE52>=30,(IF($H$5="Curries/Stews",COUNTIF(Helper_Ingredient!$N$3:$N$20,AC52),IF($H$5="Salads",COUNTIF(Helper_Ingredient!$O$3:$O$20,AC52),COUNTIF(Helper_Ingredient!$P$3:$P$19,AC52)))>0),0)+IF(AE52>=60,(IF($H$5="Curries/Stews",COUNTIF(Helper_Ingredient!$N$3:$N$20,AD52),IF($H$5="Salads",COUNTIF(Helper_Ingredient!$O$3:$O$20,AD52),COUNTIF(Helper_Ingredient!$P$3:$P$19,AD52)))>0),0) -> 0 | AI52: =IF(AH52>0,(AH52*1000000)+(AF52*1000)+AE52+ROW()/1000000,0) -> 0 | AJ52: =Data!A52 -> Wobbuffet | AK52: =Data!H52 -> Skill Trigger S | AL52: =Data!B52 -> 10 | AM52: =Data!R52 -> 3 | AN52: =Data!N52 -> Neutral | AO52: =(AM52*1000)+AL52+ROW()/1000000 -> 3010.0001
S53: =Data!A53 -> Rattata | T53: =Data!D53 -> Persim | U53: =Data!B53 -> 8 | V53: =Data!P53 -> 4 | W53: =Data!N53 -> EXP Gains | X53: =IF(OR(T53=$B$5,T53=$B$6,T53=$B$7),(V53*1000)+U53+ROW()/1000000,0) -> 0 | AA53: =Data!A53 -> Rattata | AB53: =Data!E53 -> Fancy Apple | AC53: =Data!F53 -> Fancy Apple | AD53: =Data!G53 -> Fancy Apple | AE53: =Data!B53 -> 8 | AF53: =Data!Q53 -> 7.5 | AG53: =Data!N53 -> EXP Gains | AH53: =(IF($H$5="Curries/Stews",COUNTIF(Helper_Ingredient!$N$3:$N$20,AB53),IF($H$5="Salads",COUNTIF(Helper_Ingredient!$O$3:$O$20,AB53),COUNTIF(Helper_Ingredient!$P$3:$P$19,AB53)))>0)+IF(AE53>=30,(IF($H$5="Curries/Stews",COUNTIF(Helper_Ingredient!$N$3:$N$20,AC53),IF($H$5="Salads",COUNTIF(Helper_Ingredient!$O$3:$O$20,AC53),COUNTIF(Helper_Ingredient!$P$3:$P$19,AC53)))>0),0)+IF(AE53>=60,(IF($H$5="Curries/Stews",COUNTIF(Helper_Ingredient!$N$3:$N$20,AD53),IF($H$5="Salads",COUNTIF(Helper_Ingredient!$O$3:$O$20,AD53),COUNTIF(Helper_Ingredient!$P$3:$P$19,AD53)))>0),0) -> 0 | AI53: =IF(AH53>0,(AH53*1000000)+(AF53*1000)+AE53+ROW()/1000000,0) -> 0 | AJ53: =Data!A53 -> Rattata | AK53: =Data!H53 -> Helping Speed M | AL53: =Data!B53 -> 8 | AM53: =Data!R53 -> -1 | AN53: =Data!N53 -> EXP Gains | AO53: =(AM53*1000)+AL53+ROW()/1000000 -> -991.99995
S54: =Data!A54 -> Treecko | T54: =Data!D54 -> Durin | U54: =Data!B54 -> 9 | V54: =Data!P54 -> 0 | W54: =Data!N54 -> Ingredient Finding | X54: =IF(OR(T54=$B$5,T54=$B$6,T54=$B$7),(V54*1000)+U54+ROW()/1000000,0) -> 0 | AA54: =Data!A54 -> Treecko | AB54: =Data!E54 -> Fancy Egg | AC54: =Data!F54 -> Rousing Coffee | AD54: =Data!G54 -> Large Leek | AE54: =Data!B54 -> 9 | AF54: =Data!Q54 -> 3.5 | AG54: =Data!N54 -> Ingredient Finding | AH54: =(IF($H$5="Curries/Stews",COUNTIF(Helper_Ingredient!$N$3:$N$20,AB54),IF($H$5="Salads",COUNTIF(Helper_Ingredient!$O$3:$O$20,AB54),COUNTIF(Helper_Ingredient!$P$3:$P$19,AB54)))>0)+IF(AE54>=30,(IF($H$5="Curries/Stews",COUNTIF(Helper_Ingredient!$N$3:$N$20,AC54),IF($H$5="Salads",COUNTIF(Helper_Ingredient!$O$3:$O$20,AC54),COUNTIF(Helper_Ingredient!$P$3:$P$19,AC54)))>0),0)+IF(AE54>=60,(IF($H$5="Curries/Stews",COUNTIF(Helper_Ingredient!$N$3:$N$20,AD54),IF($H$5="Salads",COUNTIF(Helper_Ingredient!$O$3:$O$20,AD54),COUNTIF(Helper_Ingredient!$P$3:$P$19,AD54)))>0),0) -> 1 | AI54: =IF(AH54>0,(AH54*1000000)+(AF54*1000)+AE54+ROW()/1000000,0) -> 1003509 | AJ54: =Data!A54 -> Treecko | AK54: =Data!H54 -> Skill Trigger S | AL54: =Data!B54 -> 9 | AM54: =Data!R54 -> 2 | AN54: =Data!N54 -> Ingredient Finding | AO54: =(AM54*1000)+AL54+ROW()/1000000 -> 2009.0001
S55: =Data!A55 -> Wynaut | T55: =Data!D55 -> Mago | U55: =Data!B55 -> 8 | V55: =Data!P55 -> 1 | W55: =Data!N55 -> Main Skill Chance | X55: =IF(OR(T55=$B$5,T55=$B$6,T55=$B$7),(V55*1000)+U55+ROW()/1000000,0) -> 0 | AA55: =Data!A55 -> Wynaut | AB55: =Data!E55 -> Fancy Apple | AC55: =Data!F55 -> Tasty Mushroom | AD55: =Data!G55 -> Pure Oil | AE55: =Data!B55 -> 8 | AF55: =Data!Q55 -> 2 | AG55: =Data!N55 -> Main Skill Chance | AH55: =(IF($H$5="Curries/Stews",COUNTIF(Helper_Ingredient!$N$3:$N$20,AB55),IF($H$5="Salads",COUNTIF(Helper_Ingredient!$O$3:$O$20,AB55),COUNTIF(Helper_Ingredient!$P$3:$P$19,AB55)))>0)+IF(AE55>=30,(IF($H$5="Curries/Stews",COUNTIF(Helper_Ingredient!$N$3:$N$20,AC55),IF($H$5="Salads",COUNTIF(Helper_Ingredient!$O$3:$O$20,AC55),COUNTIF(Helper_Ingredient!$P$3:$P$19,AC55)))>0),0)+IF(AE55>=60,(IF($H$5="Curries/Stews",COUNTIF(Helper_Ingredient!$N$3:$N$20,AD55),IF($H$5="Salads",COUNTIF(Helper_Ingredient!$O$3:$O$20,AD55),COUNTIF(Helper_Ingredient!$P$3:$P$19,AD55)))>0),0) -> 0 | AI55: =IF(AH55>0,(AH55*1000000)+(AF55*1000)+AE55+ROW()/1000000,0) -> 0 | AJ55: =Data!A55 -> Wynaut | AK55: =Data!H55 -> Inventory Up L | AL55: =Data!B55 -> 8 | AM55: =Data!R55 -> 2 | AN55: =Data!N55 -> Main Skill Chance | AO55: =(AM55*1000)+AL55+ROW()/1000000 -> 2008.0001
S56: =Data!A56 -> 0 | T56: =Data!D56 | U56: =Data!B56 -> 0 | V56: =Data!P56 | W56: =Data!N56 | X56: =IF(OR(T56=$B$5,T56=$B$6,T56=$B$7),(V56*1000)+U56+ROW()/1000000,0) -> 0 | AA56: =Data!A56 -> 0 | AB56: =Data!E56 -> 0 | AC56: =Data!F56 -> 0 | AD56: =Data!G56 -> 0 | AE56: =Data!B56 -> 0 | AF56: =Data!Q56 | AG56: =Data!N56 | AH56: =(IF($H$5="Curries/Stews",COUNTIF(Helper_Ingredient!$N$3:$N$20,AB56),IF($H$5="Salads",COUNTIF(Helper_Ingredient!$O$3:$O$20,AB56),COUNTIF(Helper_Ingredient!$P$3:$P$19,AB56)))>0)+IF(AE56>=30,(IF($H$5="Curries/Stews",COUNTIF(Helper_Ingredient!$N$3:$N$20,AC56),IF($H$5="Salads",COUNTIF(Helper_Ingredient!$O$3:$O$20,AC56),COUNTIF(Helper_Ingredient!$P$3:$P$19,AC56)))>0),0)+IF(AE56>=60,(IF($H$5="Curries/Stews",COUNTIF(Helper_Ingredient!$N$3:$N$20,AD56),IF($H$5="Salads",COUNTIF(Helper_Ingredient!$O$3:$O$20,AD56),COUNTIF(Helper_Ingredient!$P$3:$P$19,AD56)))>0),0) -> 0 | AI56: =IF(AH56>0,(AH56*1000000)+(AF56*1000)+AE56+ROW()/1000000,0) -> 0 | AJ56: =Data!A56 -> 0 | AK56: =Data!H56 -> 0 | AL56: =Data!B56 -> 0 | AM56: =Data!R56 | AN56: =Data!N56 | AO56: =(AM56*1000)+AL56+ROW()/1000000 -> #VALUE!
S57: =Data!A57 -> 0 | T57: =Data!D57 | U57: =Data!B57 -> 0 | V57: =Data!P57 | W57: =Data!N57 | X57: =IF(OR(T57=$B$5,T57=$B$6,T57=$B$7),(V57*1000)+U57+ROW()/1000000,0) -> 0 | AA57: =Data!A57 -> 0 | AB57: =Data!E57 -> 0 | AC57: =Data!F57 -> 0 | AD57: =Data!G57 -> 0 | AE57: =Data!B57 -> 0 | AF57: =Data!Q57 | AG57: =Data!N57 | AH57: =(IF($H$5="Curries/Stews",COUNTIF(Helper_Ingredient!$N$3:$N$20,AB57),IF($H$5="Salads",COUNTIF(Helper_Ingredient!$O$3:$O$20,AB57),COUNTIF(Helper_Ingredient!$P$3:$P$19,AB57)))>0)+IF(AE57>=30,(IF($H$5="Curries/Stews",COUNTIF(Helper_Ingredient!$N$3:$N$20,AC57),IF($H$5="Salads",COUNTIF(Helper_Ingredient!$O$3:$O$20,AC57),COUNTIF(Helper_Ingredient!$P$3:$P$19,AC57)))>0),0)+IF(AE57>=60,(IF($H$5="Curries/Stews",COUNTIF(Helper_Ingredient!$N$3:$N$20,AD57),IF($H$5="Salads",COUNTIF(Helper_Ingredient!$O$3:$O$20,AD57),COUNTIF(Helper_Ingredient!$P$3:$P$19,AD57)))>0),0) -> 0 | AI57: =IF(AH57>0,(AH57*1000000)+(AF57*1000)+AE57+ROW()/1000000,0) -> 0 | AJ57: =Data!A57 -> 0 | AK57: =Data!H57 -> 0 | AL57: =Data!B57 -> 0 | AM57: =Data!R57 | AN57: =Data!N57 | AO57: =(AM57*1000)+AL57+ROW()/1000000 -> #VALUE!
S58: =Data!A58 -> 0 | T58: =Data!D58 | U58: =Data!B58 -> 0 | V58: =Data!P58 | W58: =Data!N58 | X58: =IF(OR(T58=$B$5,T58=$B$6,T58=$B$7),(V58*1000)+U58+ROW()/1000000,0) -> 0 | AA58: =Data!A58 -> 0 | AB58: =Data!E58 -> 0 | AC58: =Data!F58 -> 0 | AD58: =Data!G58 -> 0 | AE58: =Data!B58 -> 0 | AF58: =Data!Q58 | AG58: =Data!N58 | AH58: =(IF($H$5="Curries/Stews",COUNTIF(Helper_Ingredient!$N$3:$N$20,AB58),IF($H$5="Salads",COUNTIF(Helper_Ingredient!$O$3:$O$20,AB58),COUNTIF(Helper_Ingredient!$P$3:$P$19,AB58)))>0)+IF(AE58>=30,(IF($H$5="Curries/Stews",COUNTIF(Helper_Ingredient!$N$3:$N$20,AC58),IF($H$5="Salads",COUNTIF(Helper_Ingredient!$O$3:$O$20,AC58),COUNTIF(Helper_Ingredient!$P$3:$P$19,AC58)))>0),0)+IF(AE58>=60,(IF($H$5="Curries/Stews",COUNTIF(Helper_Ingredient!$N$3:$N$20,AD58),IF($H$5="Salads",COUNTIF(Helper_Ingredient!$O$3:$O$20,AD58),COUNTIF(Helper_Ingredient!$P$3:$P$19,AD58)))>0),0) -> 0 | AI58: =IF(AH58>0,(AH58*1000000)+(AF58*1000)+AE58+ROW()/1000000,0) -> 0 | AJ58: =Data!A58 -> 0 | AK58: =Data!H58 -> 0 | AL58: =Data!B58 -> 0 | AM58: =Data!R58 | AN58: =Data!N58 | AO58: =(AM58*1000)+AL58+ROW()/1000000 -> #VALUE!
S59: =Data!A59 -> 0 | T59: =Data!D59 | U59: =Data!B59 -> 0 | V59: =Data!P59 | W59: =Data!N59 | X59: =IF(OR(T59=$B$5,T59=$B$6,T59=$B$7),(V59*1000)+U59+ROW()/1000000,0) -> 0 | AA59: =Data!A59 -> 0 | AB59: =Data!E59 -> 0 | AC59: =Data!F59 -> 0 | AD59: =Data!G59 -> 0 | AE59: =Data!B59 -> 0 | AF59: =Data!Q59 | AG59: =Data!N59 | AH59: =(IF($H$5="Curries/Stews",COUNTIF(Helper_Ingredient!$N$3:$N$20,AB59),IF($H$5="Salads",COUNTIF(Helper_Ingredient!$O$3:$O$20,AB59),COUNTIF(Helper_Ingredient!$P$3:$P$19,AB59)))>0)+IF(AE59>=30,(IF($H$5="Curries/Stews",COUNTIF(Helper_Ingredient!$N$3:$N$20,AC59),IF($H$5="Salads",COUNTIF(Helper_Ingredient!$O$3:$O$20,AC59),COUNTIF(Helper_Ingredient!$P$3:$P$19,AC59)))>0),0)+IF(AE59>=60,(IF($H$5="Curries/Stews",COUNTIF(Helper_Ingredient!$N$3:$N$20,AD59),IF($H$5="Salads",COUNTIF(Helper_Ingredient!$O$3:$O$20,AD59),COUNTIF(Helper_Ingredient!$P$3:$P$19,AD59)))>0),0) -> 0 | AI59: =IF(AH59>0,(AH59*1000000)+(AF59*1000)+AE59+ROW()/1000000,0) -> 0 | AJ59: =Data!A59 -> 0 | AK59: =Data!H59 -> 0 | AL59: =Data!B59 -> 0 | AM59: =Data!R59 | AN59: =Data!N59 | AO59: =(AM59*1000)+AL59+ROW()/1000000 -> #VALUE!
S60: =Data!A60 -> 0 | T60: =Data!D60 | U60: =Data!B60 -> 0 | V60: =Data!P60 | W60: =Data!N60 | X60: =IF(OR(T60=$B$5,T60=$B$6,T60=$B$7),(V60*1000)+U60+ROW()/1000000,0) -> 0 | AA60: =Data!A60 -> 0 | AB60: =Data!E60 -> 0 | AC60: =Data!F60 -> 0 | AD60: =Data!G60 -> 0 | AE60: =Data!B60 -> 0 | AF60: =Data!Q60 | AG60: =Data!N60 | AH60: =(IF($H$5="Curries/Stews",COUNTIF(Helper_Ingredient!$N$3:$N$20,AB60),IF($H$5="Salads",COUNTIF(Helper_Ingredient!$O$3:$O$20,AB60),COUNTIF(Helper_Ingredient!$P$3:$P$19,AB60)))>0)+IF(AE60>=30,(IF($H$5="Curries/Stews",COUNTIF(Helper_Ingredient!$N$3:$N$20,AC60),IF($H$5="Salads",COUNTIF(Helper_Ingredient!$O$3:$O$20,AC60),COUNTIF(Helper_Ingredient!$P$3:$P$19,AC60)))>0),0)+IF(AE60>=60,(IF($H$5="Curries/Stews",COUNTIF(Helper_Ingredient!$N$3:$N$20,AD60),IF($H$5="Salads",COUNTIF(Helper_Ingredient!$O$3:$O$20,AD60),COUNTIF(Helper_Ingredient!$P$3:$P$19,AD60)))>0),0) -> 0 | AI60: =IF(AH60>0,(AH60*1000000)+(AF60*1000)+AE60+ROW()/1000000,0) -> 0 | AJ60: =Data!A60 -> 0 | AK60: =Data!H60 -> 0 | AL60: =Data!B60 -> 0 | AM60: =Data!R60 | AN60: =Data!N60 | AO60: =(AM60*1000)+AL60+ROW()/1000000 -> #VALUE!
S61: =Data!A61 -> 0 | T61: =Data!D61 | U61: =Data!B61 -> 0 | V61: =Data!P61 | W61: =Data!N61 | X61: =IF(OR(T61=$B$5,T61=$B$6,T61=$B$7),(V61*1000)+U61+ROW()/1000000,0) -> 0 | AA61: =Data!A61 -> 0 | AB61: =Data!E61 -> 0 | AC61: =Data!F61 -> 0 | AD61: =Data!G61 -> 0 | AE61: =Data!B61 -> 0 | AF61: =Data!Q61 | AG61: =Data!N61 | AH61: =(IF($H$5="Curries/Stews",COUNTIF(Helper_Ingredient!$N$3:$N$20,AB61),IF($H$5="Salads",COUNTIF(Helper_Ingredient!$O$3:$O$20,AB61),COUNTIF(Helper_Ingredient!$P$3:$P$19,AB61)))>0)+IF(AE61>=30,(IF($H$5="Curries/Stews",COUNTIF(Helper_Ingredient!$N$3:$N$20,AC61),IF($H$5="Salads",COUNTIF(Helper_Ingredient!$O$3:$O$20,AC61),COUNTIF(Helper_Ingredient!$P$3:$P$19,AC61)))>0),0)+IF(AE61>=60,(IF($H$5="Curries/Stews",COUNTIF(Helper_Ingredient!$N$3:$N$20,AD61),IF($H$5="Salads",COUNTIF(Helper_Ingredient!$O$3:$O$20,AD61),COUNTIF(Helper_Ingredient!$P$3:$P$19,AD61)))>0),0) -> 0 | AI61: =IF(AH61>0,(AH61*1000000)+(AF61*1000)+AE61+ROW()/1000000,0) -> 0 | AJ61: =Data!A61 -> 0 | AK61: =Data!H61 -> 0 | AL61: =Data!B61 -> 0 | AM61: =Data!R61 | AN61: =Data!N61 | AO61: =(AM61*1000)+AL61+ROW()/1000000 -> #VALUE!
... S250: =Data!A250 -> 0 | T250: =Data!D250 | U250: =Data!B250 -> 0 | V250: =Data!P250 | W250: =Data!N250 | X250: =IF(OR(T250=$B$5,T250=$B$6,T250=$B$7),(V250*1000)+U250+ROW()/1000000,0) -> 0 | AA250: =Data!A250 -> 0 | AB250: =Data!E250 -> 0 | AC250: =Data!F250 -> 0 | AD250: =Data!G250 -> 0 | AE250: =Data!B250 -> 0 | AF250: =Data!Q250 | AG250: =Data!N250 | AH250: =(IF($H$5="Curries/Stews",COUNTIF(Helper_Ingredient!$N$3:$N$20,AB250),IF($H$5="Salads",COUNTIF(Helper_Ingredient!$O$3:$O$20,AB250),COUNTIF(Helper_Ingredient!$P$3:$P$19,AB250)))>0)+IF(AE250>=30,(IF($H$5="Curries/Stews",COUNTIF(Helper_Ingredient!$N$3:$N$20,AC250),IF($H$5="Salads",COUNTIF(Helper_Ingredient!$O$3:$O$20,AC250),COUNTIF(Helper_Ingredient!$P$3:$P$19,AC250)))>0),0)+IF(AE250>=60,(IF($H$5="Curries/Stews",COUNTIF(Helper_Ingredient!$N$3:$N$20,AD250),IF($H$5="Salads",COUNTIF(Helper_Ingredient!$O$3:$O$20,AD250),COUNTIF(Helper_Ingredient!$P$3:$P$19,AD250)))>0),0) -> 0 | AI250: =IF(AH250>0,(AH250*1000000)+(AF250*1000)+AE250+ROW()/1000000,0) -> 0 | AJ250: =Data!A250 -> 0 | AK250: =Data!H250 -> 0 | AL250: =Data!B250 -> 0 | AM250: =Data!R250 | AN250: =Data!N250 | AO250: =(AM250*1000)+AL250+ROW()/1000000 -> #VALUE!

Sheet Berry Team
A1: 🍇 Berry Team
A2: Pokémon die het beste bessen verzamelen — Nature met Speed of Help, Helping Speed skills
A4: Pokémon | B4: Lvl. | C4: Type | D4: Berry | E4: Ingredient L1 | F4: Ingredient L30 | G4: Ingredient L60 | H4: Nature | I4: Nature + | J4: Nature − | K4: Berry Score | M4: Samenvatting
A5: {=IFERROR(_xlfn._xlws.FILTER(CHOOSE({1,2,3,4,5,6,7,8,9,10,11}, Data!A2:A200, Data!B2:B200, Data!C2:C200, Data!D2:D200, Data!E2:E200, Data!F2:F200, Data!G2:G200, Data!M2:M200, Data!N2:N200, Data!O2:O200, Data!P2:P200), Data!S2:S200="Berry"), "")} -> Cubone | B5: 11 | C5: Ground | D5: Figy | E5: Warming Ginger | F5: Soothing Cacao | G5: Warming Ginger | H5: Naughty | I5: Speed of Help | J5: Main Skill Chance | K5: 4 | M5: Aantal Pokémon: | N5: =COUNTIF(Data!S2:S200,"Berry") -> 17
A6: Pichu | B6: 6 | C6: Electric | D6: Grepa | E6: Fancy Apple | F6: Warming Ginger | G6: Fancy Apple | H6: Impish | I6: Energy Recovery | J6: Ingredient Finding | K6: 2 | M6: Gem. Level: | N6: =IFERROR(AVERAGEIF(Data!S2:S200,"Berry",Data!B2:B200),0) -> 6.9411765
A7: Slowpoke | B7: 9 | C7: Water | D7: Oran | E7: Soothing Cacao | F7: Slowpoke Tail | G7: Soothing Cacao | H7: Jolly | I7: EXP Gains | J7: Ingredient Finding | K7: 2 | M7: Hoogste Score: | N7: {=IFERROR(MAX(_xlfn._xlws.FILTER(Data!P2:P200, Data!S2:S200="Berry")),0)} -> 6
A8: Swablu | B8: 7 | C8: Flying | D8: Lum | E8: Fancy Egg | F8: Greengrass Soybeans | G8: Fancy Egg | H8: Serious | I8: Neutral | J8: Neutral | K8: 3 | M8: Top Pokémon: | N8: {=IFERROR(INDEX(_xlfn._xlws.FILTER(Data!A2:A200, Data!S2:S200="Berry"), MATCH(MAX(_xlfn._xlws.FILTER(Data!P2:P200, Data!S2:S200="Berry")), _xlfn._xlws.FILTER(Data!P2:P200, Data!S2:S200="Berry"), 0)),"")} -> Riolu
A9: Riolu | B9: 6 | C9: Fighting | D9: Cheri | E9: Pure Oil | F9: Soft Potato | G9: Pure Oil | H9: Adamant | I9: Speed of Help | J9: Ingredient Finding | K9: 6
A10: Treecko | B10: 8 | C10: Grass | D10: Durin | E10: Fancy Egg | F10: Fancy Egg | G10: Rousing Coffee | H10: Quiet | I10: Ingredient Finding | J10: EXP Gains | K10: 3
A11: Drifloon | B11: 6 | C11: Ghost | D11: Bluk | E11: Greengrass Corn | F11: Pure Oil | G11: Pure Oil | H11: Adamant | I11: Speed of Help | J11: Ingredient Finding | K11: 3
A12: Igglybuff | B12: 4 | C12: Fairy | D12: Pecha | E12: Honey | F12: Pure Oil | G12: Honey | H12: Adamant | I12: Speed of Help | J12: Ingredient Finding | K12: 5
A13: Wynaut | B13: 9 | C13: Psychic | D13: Mago | E13: Fancy Apple | F13: Tasty Mushroom | G13: Pure Oil | H13: Jolly | I13: EXP Gains | J13: Ingredient Finding | K13: 4
A14: Larvitar | B14: 7 | C14: Rock | D14: Sitrus | E14: Warming Ginger | F14: Greengrass Soybeans | G14: Greengrass Soybeans | H14: Quirky | I14: Neutral | J14: Neutral | K14: 3
A15: Bulbasaur | B15: 6 | C15: Grass | D15: Durin | E15: Honey | F15: Honey | G15: Honey | H15: Impish | I15: Energy Recovery | J15: Ingredient Finding | K15: 3
A16: Mudkip | B16: 6 | C16: Water | D16: Oran | E16: Greengrass Corn | F16: Moomoo Milk | G16: Greengrass Corn | H16: Hasty | I16: EXP Gains | J16: Energy Recovery | K16: 3
A17: Togepi | B17: 8 | C17: Fairy | D17: Pecha | E17: Fancy Egg | F17: Warming Ginger | G17: Warming Ginger | H17: Adamant | I17: Speed of Help | J17: Ingredient Finding | K17: 5
A18: Psyduck | B18: 5 | C18: Water | D18: Oran | E18: Soothing Cacao | F18: Fancy Apple | G18: Bean Sausage | H18: Naughty | I18: Speed of Help | J18: Main Skill Chance | K18: 4
A19: Eevee | B19: 8 | C19: Normal | D19: Persim | E19: Moomoo Milk | F19: Soothing Cacao | G19: Soothing Cacao | H19: Docile | I19: Neutral | J19: Neutral | K19: 3
A20: Igglybuff | B20: 6 | C20: Fairy | D20: Pecha | E20: Honey | F20: Pure Oil | G20: Honey | H20: Brave | I20: Speed of Help | J20: EXP Gains | K20: 3
A21: Mareep | B21: 6 | C21: Electric | D21: Grepa | E21: Fiery Herb | F21: Fancy Egg | G21: Fancy Egg | H21: Lonely | I21: Speed of Help | J21: Energy Recovery | K21: 3

Sheet Ingredient Team
A1: 🍳 Ingredient Team
A2: Pokémon die het beste ingrediënten vinden — Nature met Ingredient Finding, Ingredient Finder skills
A4: Pokémon | B4: Lvl. | C4: Type | D4: Berry | E4: Ingredient L1 | F4: Ingredient L30 | G4: Ingredient L60 | H4: Nature | I4: Nature + | J4: Nature − | K4: Ingr. Score | M4: Samenvatting
A5: {=IFERROR(_xlfn._xlws.FILTER(CHOOSE({1,2,3,4,5,6,7,8,9,10,11}, Data!A2:A200, Data!B2:B200, Data!C2:C200, Data!D2:D200, Data!E2:E200, Data!F2:F200, Data!G2:G200, Data!M2:M200, Data!N2:N200, Data!O2:O200, Data!Q2:Q200), Data!S2:S200="Ingredient"), "")} -> Pikachu | B5: 15 | C5: Electric | D5: Grepa | E5: Fancy Apple | F5: Warming Ginger | G5: Fancy Apple | H5: Modest | I5: Ingredient Finding | J5: Speed of Help | K5: 6.5 | M5: Aantal Pokémon: | N5: =COUNTIF(Data!S2:S200,"Ingredient") -> 29
A6: Squirtle | B6: 8 | C6: Water | D6: Oran | E6: Moomoo Milk | F6: Soothing Cacao | G6: Soothing Cacao | H6: Serious | I6: Neutral | J6: Neutral | K6: 4 | M6: Gem. Level: | N6: =IFERROR(AVERAGEIF(Data!S2:S200,"Ingredient",Data!B2:B200),0) -> 9
A7: Igglybuff | B7: 9 | C7: Fairy | D7: Pecha | E7: Honey | F7: Honey | G7: Pure Oil | H7: Naive | I7: EXP Gains | J7: Main Skill Chance | K7: 5.5 | M7: Hoogste Score: | N7: {=IFERROR(MAX(_xlfn._xlws.FILTER(Data!Q2:Q200, Data!S2:S200="Ingredient")),0)} -> 7.5
A8: Spheal | B8: 11 | C8: Water | D8: Oran | E8: Pure Oil | F8: Bean Sausage | G8: Pure Oil | H8: Bold | I8: Energy Recovery | J8: Speed of Help | K8: 3.5 | M8: Top Pokémon: | N8: {=IFERROR(INDEX(_xlfn._xlws.FILTER(Data!A2:A200, Data!S2:S200="Ingredient"), MATCH(MAX(_xlfn._xlws.FILTER(Data!Q2:Q200, Data!S2:S200="Ingredient")), _xlfn._xlws.FILTER(Data!Q2:Q200, Data!S2:S200="Ingredient"), 0)),"")} -> Rattata
A9: Noibat | B9: 14 | C9: Dragon | D9: Yache | E9: Fancy Apple | F9: Large Leek | G9: Bean Sausage | H9: Bashful | I9: Neutral | J9: Neutral | K9: 4.5
A10: Rattata | B10: 8 | C10: Normal | D10: Persim | E10: Fancy Apple | F10: Greengrass Soybeans | G10: Fancy Apple | H10: Mild | I10: Ingredient Finding | J10: Energy Recovery | K10: 5
A11: Gulpin | B11: 9 | C11: Poison | D11: Chesto | E11: Greengrass Soybeans | F11: Greengrass Soybeans | G11: Tasty Mushroom | H11: Hasty | I11: EXP Gains | J11: Energy Recovery | K11: 5.5
A12: Igglybuff | B12: 4 | C12: Fairy | D12: Pecha | E12: Honey | F12: Pure Oil | G12: Honey | H12: Rash | I12: Ingredient Finding | J12: Main Skill Chance | K12: 4.5
A13: Treecko | B13: 5 | C13: Grass | D13: Durin | E13: Fancy Egg | F13: Fancy Egg | G13: Fancy Egg | H13: Naughty | I13: Speed of Help | J13: Main Skill Chance | K13: 5
A14: Psyduck | B14: 6 | C14: Water | D14: Oran | E14: Soothing Cacao | F14: Soothing Cacao | G14: Soothing Cacao | H14: Relaxed | I14: Energy Recovery | J14: EXP Gains | K14: 4.5
A15: Swablu | B15: 5 | C15: Flying | D15: Lum | E15: Fancy Egg | F15: Greengrass Soybeans | G15: Greengrass Soybeans | H15: Timid | I15: EXP Gains | J15: Speed of Help | K15: 3.5
A16: Mareep | B16: 11 | C16: Electric | D16: Grepa | E16: Fiery Herb | F16: Fiery Herb | G16: Fiery Herb | H16: Naive | I16: EXP Gains | J16: Main Skill Chance | K16: 4.5
A17: Slowpoke | B17: 5 | C17: Water | D17: Oran | E17: Soothing Cacao | F17: Slowpoke Tail | G17: Slowpoke Tail | H17: Bold | I17: Energy Recovery | J17: Speed of Help | K17: 2.5
A18: Pichu | B18: 5 | C18: Electric | D18: Grepa | E18: Fancy Apple | F18: Warming Ginger | G18: Fancy Egg | H18: Bold | I18: Energy Recovery | J18: Speed of Help | K18: 3.5
A19: Rattata | B19: 6 | C19: Normal | D19: Persim | E19: Fancy Apple | F19: Fancy Apple | G19: Greengrass Soybeans | H19: Naive | I19: EXP Gains | J19: Main Skill Chance | K19: 6.5
A20: Geodude | B20: 8 | C20: Rock | D20: Sitrus | E20: Greengrass Soybeans | F20: Greengrass Soybeans | G20: Tasty Mushroom | H20: Bashful | I20: Neutral | J20: Neutral | K20: 2.5
... A33: Wynaut | B33: 8 | C33: Psychic | D33: Mago | E33: Fancy Apple | F33: Tasty Mushroom | G33: Pure Oil | H33: Sassy | I33: Main Skill Chance | J33: EXP Gains | K33: 2

Sheet Skill Team
A1: ✨ Skill Team
A2: Pokémon met sterke main skills — Nature met Main Skill Chance, Skill Trigger/Level Up skills
A4: Pokémon | B4: Lvl. | C4: Type | D4: Berry | E4: Skill L10 | F4: Skill L25 | G4: Skill L50 | H4: Skill L75 | I4: Skill L100 | J4: Nature | K4: Nature + | L4: Nature − | M4: Skill Score | O4: Samenvatting
A5: {=IFERROR(_xlfn._xlws.FILTER(CHOOSE({1,2,3,4,5,6,7,8,9,10,11,12,13}, Data!A2:A200, Data!B2:B200, Data!C2:C200, Data!D2:D200, Data!H2:H200, Data!I2:I200, Data!J2:J200, Data!K2:K200, Data!L2:L200, Data!M2:M200, Data!N2:N200, Data!O2:O200, Data!R2:R200), Data!S2:S200="Skill"), "")} -> Growlithe | B5: 10 | C5: Fire | D5: Leppa | E5: Energy Recovery Bonus | F5: Ingredient Finder M | G5: Ingredient Finder S | H5: Inventory Up M | I5: Skill Level Up S | J5: Jolly | K5: EXP Gains | L5: Ingredient Finding | M5: 3.5 | O5: Aantal Pokémon: | P5: =COUNTIF(Data!S2:S200,"Skill") -> 8
A6: Cubone | B6: 5 | C6: Ground | D6: Figy | E6: Skill Level Up M | F6: Helping Speed S | G6: Helping Bonus | H6: Sleep EXP Bonus | I6: Skill Trigger M | J6: Impish | K6: Energy Recovery | L6: Ingredient Finding | M6: 5 | O6: Gem. Level: | P6: =IFERROR(AVERAGEIF(Data!S2:S200,"Skill",Data!B2:B200),0) -> 9.625
A7: Riolu | B7: 5 | C7: Fighting | D7: Cheri | E7: Inventory Up L | F7: Skill Level Up S | G7: Inventory Up M | H7: Skill Trigger M | I7: Ingredient Finder S | J7: Sassy | K7: Main Skill Chance | L7: EXP Gains | M7: 4 | O7: Hoogste Score: | P7: {=IFERROR(MAX(_xlfn._xlws.FILTER(Data!R2:R200, Data!S2:S200="Skill")),0)} -> 5
A8: Ivysaur | B8: 15 | C8: Grass | D8: Durin | E8: Skill Level Up S | F8: Helping Speed S | G8: Research EXP Bonus | H8: Skill Trigger S | I8: Inventory Up M | J8: Sassy | K8: Main Skill Chance | L8: EXP Gains | M8: 4 | O8: Top Pokémon: | P8: {=IFERROR(INDEX(_xlfn._xlws.FILTER(Data!A2:A200, Data!S2:S200="Skill"), MATCH(MAX(_xlfn._xlws.FILTER(Data!R2:R200, Data!S2:S200="Skill")), _xlfn._xlws.FILTER(Data!R2:R200, Data!S2:S200="Skill"), 0)),"")} -> Cubone
A9: Charmander | B9: 7 | C9: Fire | D9: Leppa | E9: Helping Speed S | F9: Skill Trigger S | G9: Helping Speed M | H9: Ingredient Finder S | I9: Skill Trigger M | J9: Timid | K9: EXP Gains | L9: Speed of Help | M9: 4
A10: Bonsly | B10: 7 | C10: Rock | D10: Sitrus | E10: Helping Speed S | F10: Ingredient Finder S | G10: Inventory Up M | H10: Skill Trigger M | I10: Skill Level Up M | J10: Adamant | K10: Speed of Help | L10: Ingredient Finding | M10: 4
A11: Latias | B11: 18 | C11: Dragon | D11: Yache | E11: Sleep EXP Bonus | F11: Skill Level Up S | G11: Inventory Up L | H11: Helping Speed S | I11: Skill Trigger S | J11: Hardy | K11: Neutral | L11: Neutral | M11: 3
A12: Wobbuffet | B12: 10 | C12: Psychic | D12: Mago | E12: Skill Trigger S | F12: Helping Speed S | G12: Ingredient Finder S | H12: Inventory Up S | I12: Skill Level Up M | J12: Quirky | K12: Neutral | L12: Neutral | M12: 3

Sheet Advies
A1: 📋 Pokémon Advies — Keep / Level Up / Transfer
A2: Automatisch gegenereerd op basis van nature, skills, level en evolutie-potentieel
A4: ⭐ KEEP — Direct inzetten! | J4: 🚀 Zero-to-Hero Evoluties | L4: 🚀 Zero-to-Hero Evoluties
A5: Pokémon | B5: Lvl. | C5: Type | D5: Team | E5: Skill L10 | F5: Skill L25 | G5: Nature + | H5: Nature − | I5: Score | J5: Notities | L5: Pokémon | M5: Evolueert naar | N5: Waarom sterk? | O5: Prio
A6: {=IFERROR(_xlfn._xlws.FILTER(CHOOSE({1,2,3,4,5,6,7,8,9,10}, Data!A2:A200, Data!B2:B200, Data!C2:C200, Data!S2:S200, Data!H2:H200, Data!I2:I200, Data!N2:N200, Data!O2:O200, Data!T2:T200, Data!V2:V200), Data!U2:U200="⭐ Keep"), "")} -> Pikachu | B6: 15 | C6: Electric | D6: Ingredient | E6: Inventory Up S | F6: Ingredient Finder S | G6: Ingredient Finding | H6: Speed of Help | I6: 8 | J6: Evolve naar Raichu = snelste berry helper!; Perfecte nature voor Ingredient team! | L6: =IF(COUNTIF(Data!A2:A200,"Pikachu")>0,"Pikachu (✓)","Pikachu (✗)") -> Pikachu (✓) | M6: Raichu | N6: Snelste berry helper in het spel | O6: ⭐⭐⭐
A7: Riolu | B7: 6 | C7: Fighting | D7: Berry | E7: Helping Speed M | F7: Inventory Up M | G7: Speed of Help | H7: Ingredient Finding | I7: 7 | J7: Evolve → Lucario = sterke fighter; Perfecte nature voor Berry team! | L7: =IF(COUNTIF(Data!A2:A200,"Igglybuff")>0,"Igglybuff (✓)","Igglybuff (✗)") -> Igglybuff (✓) | M7: Wigglytuff | N7: Energy for Everyone S = hele team herstelt | O7: ⭐⭐⭐
A8: Rattata | B8: 8 | C8: Normal | D8: Ingredient | E8: Helping Speed M | F8: Helping Speed S | G8: EXP Gains | H8: Main Skill Chance | I8: 7.5 | L8: =IF(COUNTIF(Data!A2:A200,"Eevee")>0,"Eevee (✓)","Eevee (✗)") -> Eevee (✓) | M8: Sylveon | N8: Energy for Everyone S, werkt overal | O8: ⭐⭐⭐
L9: =IF(COUNTIF(Data!A2:A200,"Charmander")>0,"Charmander (✓)","Charmander (✗)") -> Charmander (✓) | M9: Charizard | N9: Snelle berry+ingredient, Kanto starter OP | O9: ⭐⭐⭐
L10: =IF(COUNTIF(Data!A2:A200,"Spheal")>0,"Spheal (✓)","Spheal (✗)") -> Spheal (✓) | M10: Walrein | N10: Key voor Snowdrop Tundra | O10: ⭐⭐
L11: =IF(COUNTIF(Data!A2:A200,"Mareep")>0,"Mareep (✓)","Mareep (✗)") -> Mareep (✓) | M11: Ampharos | N11: Hoge frequentie + Charge Strength M | O11: ⭐⭐
L12: =IF(COUNTIF(Data!A2:A200,"Totodile")>0,"Totodile (✓)","Totodile (✗)") -> Totodile (✓) | M12: Feraligatr | N12: Top berry voor Cyan Beach | O12: ⭐⭐
L13: =IF(COUNTIF(Data!A2:A200,"Riolu")>0,"Riolu (✓)","Riolu (✗)") -> Riolu (✓) | M13: Lucario | N13: Sterke all-round fighter | O13: ⭐⭐
L15: 💡 Wacht met evolven tot je goede Nature hebt!
A16: 📈 LEVEL UP — Investeer erin, potentieel is groot!
A17: Pokémon | B17: Lvl. | C17: Type | D17: Team | E17: Skill L10 | F17: Skill L25 | G17: Nature + | H17: Nature − | I17: Score | L17: 📊 Samenvatting
A18: {=IFERROR(_xlfn._xlws.FILTER(CHOOSE({1,2,3,4,5,6,7,8,9,10}, Data!A2:A200, Data!B2:B200, Data!C2:C200, Data!S2:S200, Data!H2:H200, Data!I2:I200, Data!N2:N200, Data!O2:O200, Data!T2:T200, Data!V2:V200), Data!U2:U200="📈 Level Up"), "")} -> Igglybuff | B18: 9 | C18: Fairy | D18: Ingredient | E18: Helping Speed S | F18: Ingredient Finder M | G18: EXP Gains | H18: Main Skill Chance | I18: 5.5 | J18: Evolve → Wigglytuff = Energy for Everyone S (top skill!) | L18: ⭐ Keep: | M18: =COUNTIF(Data!U2:U200,"⭐ Keep") -> 3
A19: Cubone | B19: 11 | C19: Ground | D19: Berry | E19: Helping Speed M | F19: Ingredient Finder S | G19: Speed of Help | H19: Main Skill Chance | I19: 5.5 | J19: Perfecte nature voor Berry team! | L19: 📈 Level Up: | M19: =COUNTIF(Data!U2:U200,"📈 Level Up") -> 22
A20: Noibat | B20: 14 | C20: Dragon | D20: Ingredient | E20: Inventory Up S | F20: Inventory Up M | G20: Neutral | H20: Neutral | I20: 5 | J20: Neutrale nature = ok maar niet ideaal | L20: 🤔 Bench: | M20: =COUNTIF(Data!U2:U200,"🤔 Bench") -> 24
A21: Rattata | B21: 8 | C21: Normal | D21: Ingredient | E21: Helping Speed S | F21: Ingredient Finder M | G21: Ingredient Finding | H21: Energy Recovery | I21: 6 | J21: Perfecte nature voor Ingredient team! | L21: ❌ Transfer: | M21: =COUNTIF(Data!U2:U200,"❌ Transfer") -> 5
A22: Gulpin | B22: 9 | C22: Poison | D22: Ingredient | E22: Ingredient Finder M | F22: Ingredient Finder S | G22: EXP Gains | H22: Energy Recovery | I22: 5.5 | L22: Totaal: | M22: =COUNTA(Data!A2:A200) -> 54
A23: Igglybuff | B23: 4 | C23: Fairy | D23: Ingredient | E23: Ingredient Finder M | F23: Skill Level Up S | G23: Ingredient Finding | H23: Main Skill Chance | I23: 5.5 | J23: Evolve → Wigglytuff = Energy for Everyone S (top skill!); Perfecte nature voor Ingredient team!
A24: Treecko | B24: 5 | C24: Grass | D24: Ingredient | E24: Inventory Up L | F24: Ingredient Finder S | G24: Speed of Help | H24: Main Skill Chance | I24: 6 | J24: Perfecte nature voor Ingredient team!
A25: Mareep | B25: 11 | C25: Electric | D25: Ingredient | E25: Helping Speed S | F25: Ingredient Finder S | G25: EXP Gains | H25: Main Skill Chance | I25: 5 | J25: Evolve → Ampharos = hoge frequentie + waardevolle ingrediënten
A26: Igglybuff | B26: 4 | C26: Fairy | D26: Berry | E26: Ingredient Finder S | F26: Helping Speed S | G26: Speed of Help | H26: Ingredient Finding | I26: 6 | J26: Evolve → Wigglytuff = Energy for Everyone S (top skill!); Perfecte nature voor Berry team!
A27: Rattata | B27: 6 | C27: Normal | D27: Ingredient | E27: Skill Level Up S | F27: Skill Trigger S | G27: EXP Gains | H27: Main Skill Chance | I27: 6.5
A28: Cubone | B28: 5 | C28: Ground | D28: Skill | E28: Skill Level Up M | F28: Helping Speed S | G28: Energy Recovery | H28: Ingredient Finding | I28: 5
A29: Togepi | B29: 8 | C29: Fairy | D29: Berry | E29: Inventory Up L | F29: Ingredient Finder S | G29: Speed of Help | H29: Ingredient Finding | I29: 6 | J29: Let op: Togekiss Metronome is onbetrouwbaar; Perfecte nature voor Berry team!
A30: Totodile | B30: 6 | C30: Water | D30: Ingredient | E30: Skill Trigger S | F30: Inventory Up M | G30: Ingredient Finding | H30: Energy Recovery | I30: 6.5 | J30: Evolve → Feraligatr = top berry voor Cyan Beach; Perfecte nature voor Ingredient team!
A31: Riolu | B31: 5 | C31: Fighting | D31: Skill | E31: Inventory Up L | F31: Skill Level Up S | G31: Main Skill Chance | H31: EXP Gains | I31: 5 | J31: Evolve → Lucario = sterke fighter; Perfecte nature voor Skill team!
A32: Psyduck | B32: 7 | C32: Water | D32: Ingredient | E32: Energy Recovery Bonus | F32: Inventory Up L | G32: EXP Gains | H32: Main Skill Chance | I32: 6.5
A33: Ivysaur | B33: 15 | C33: Grass | D33: Skill | E33: Skill Level Up S | F33: Helping Speed S | G33: Main Skill Chance | H33: EXP Gains | I33: 5.5 | J33: Evolve → Venusaur = 2x ingrediënten specialist; Perfecte nature voor Skill team!
A34: Marshtomp | B34: 12 | C34: Ground | D34: Ingredient | E34: Skill Trigger M | F34: Ingredient Finder S | G34: Speed of Help | H34: Main Skill Chance | I34: 6.5 | J34: Perfecte nature voor Ingredient team!
A35: Magnemite | B35: 13 | C35: Electric | D35: Ingredient | E35: Inventory Up L | F35: Skill Level Up M | G35: Neutral | H35: Neutral | I35: 5 | J35: Evolve → Magnezone = sterke skill helper; Neutrale nature = ok maar niet ideaal
A36: Psyduck | B36: 5 | C36: Water | D36: Berry | E36: Ingredient Finder S | F36: Helping Speed M | G36: Speed of Help | H36: Main Skill Chance | I36: 5 | J36: Perfecte nature voor Berry team!
A37: Bonsly | B37: 7 | C37: Rock | D37: Skill | E37: Helping Speed S | F37: Ingredient Finder S | G37: Speed of Help | H37: Ingredient Finding | I37: 5
A38: Latias | B38: 26 | C38: Dragon | D38: Ingredient | E38: Sleep EXP Bonus | F38: Ingredient Finder M | G38: Speed of Help | H38: Main Skill Chance | I38: 5.5 | J38: Perfecte nature voor Ingredient team!
A39: Ivysaur | B39: 24 | C39: Grass | D39: Ingredient | E39: Helping Speed S | F39: Helping Speed M | G39: Ingredient Finding | H39: Energy Recovery | I39: 6.5 | J39: Evolve → Venusaur = 2x ingrediënten specialist; Perfecte nature voor Ingredient team!
A45: 🤔 BENCH — Bewaar voorlopig, maar lage prioriteit
A46: Pokémon | B46: Lvl. | C46: Type | D46: Team | E46: Skill L10 | F46: Skill L25 | G46: Nature + | H46: Nature − | I46: Score | J46: Opmerkingen
A47: {=IFERROR(_xlfn._xlws.FILTER(CHOOSE({1,2,3,4,5,6,7,8,9,10}, Data!A2:A200, Data!B2:B200, Data!C2:C200, Data!S2:S200, Data!H2:H200, Data!I2:I200, Data!N2:N200, Data!O2:O200, Data!T2:T200, Data!V2:V200), Data!U2:U200="🤔 Bench"), "")} -> Squirtle | B47: 8 | C47: Water | D47: Ingredient | E47: Ingredient Finder S | F47: Skill Trigger S | G47: Neutral | H47: Neutral | I47: 4 | J47: Kanto starter: 2x ingrediënten + Ingredient Magnet S; Neutrale nature = ok maar niet ideaal
A48: Spheal | B48: 11 | C48: Water | D48: Ingredient | E48: Ingredient Finder S | F48: Helping Speed S | G48: Energy Recovery | H48: Speed of Help | I48: 4 | J48: Evolve → Walrein = key voor Snowdrop Tundra (berry+ingr)
A49: Swablu | B49: 7 | C49: Flying | D49: Berry | E49: Skill Trigger S | F49: Inventory Up S | G49: Neutral | H49: Neutral | I49: 3 | J49: Neutrale nature = ok maar niet ideaal
A50: Growlithe | B50: 10 | C50: Fire | D50: Skill | E50: Energy Recovery Bonus | F50: Ingredient Finder M | G50: EXP Gains | H50: Ingredient Finding | I50: 4 | J50: Evolve → Arcanine = sterke all-rounder
A51: Psyduck | B51: 6 | C51: Water | D51: Ingredient | E51: Inventory Up M | F51: Ingredient Finder M | G51: Energy Recovery | H51: EXP Gains | I51: 4.5
A52: Treecko | B52: 8 | C52: Grass | D52: Berry | E52: Helping Speed S | F52: Skill Trigger S | G52: Ingredient Finding | H52: EXP Gains | I52: 4
A53: Swablu | B53: 5 | C53: Flying | D53: Ingredient | E53: Skill Trigger S | F53: Skill Level Up S | G53: EXP Gains | H53: Speed of Help | I53: 3.5
A54: Drifloon | B54: 6 | C54: Ghost | D54: Berry | E54: Ingredient Finder S | F54: Skill Trigger M | G54: Speed of Help | H54: Ingredient Finding | I54: 4 | J54: Perfecte nature voor Berry team!
A55: Wynaut | B55: 9 | C55: Psychic | D55: Berry | E55: Helping Speed M | F55: Skill Trigger S | G55: EXP Gains | H55: Ingredient Finding | I55: 4
A56: Pichu | B56: 5 | C56: Electric | D56: Ingredient | E56: Ingredient Finder M | F56: Inventory Up S | G56: Energy Recovery | H56: Speed of Help | I56: 3.5 | J56: Evolve → Pikachu → Raichu (top berry)
A57: Larvitar | B57: 7 | C57: Rock | D57: Berry | E57: Helping Speed S | F57: Ingredient Finder S | G57: Neutral | H57: Neutral | I57: 3 | J57: Neutrale nature = ok maar niet ideaal
A58: Bulbasaur | B58: 6 | C58: Grass | D58: Berry | E58: Helping Speed M | F58: Inventory Up S | G58: Energy Recovery | H58: Ingredient Finding | I58: 3 | J58: Kanto starter: 2x ingrediënten + Ingredient Magnet S
A59: Mudkip | B59: 6 | C59: Water | D59: Berry | E59: Ingredient Finder S | F59: Skill Trigger S | G59: EXP Gains | H59: Energy Recovery | I59: 3
A60: Houndour | B60: 4 | C60: Dark | D60: Ingredient | E60: Skill Trigger M | F60: Inventory Up S | G60: EXP Gains | H60: Speed of Help | I60: 3.5
A61: Diglett | B61: 4 | C61: Ground | D61: Ingredient | E61: Ingredient Finder M | F61: Skill Trigger S | G61: EXP Gains | H61: Ingredient Finding | I61: 3.5 | J61: Let op: Ingredient Finding NEGATIEF schaadt ingredient-prestatie
A62: Wynaut | B62: 5 | C62: Psychic | D62: Ingredient | E62: Inventory Up S | F62: Helping Speed M | G62: Energy Recovery | H62: Speed of Help | I62: 3.5
A63: Charmander | B63: 7 | C63: Fire | D63: Skill | E63: Helping Speed S | F63: Skill Trigger S | G63: EXP Gains | H63: Speed of Help | I63: 4 | J63: Evolve → Charizard = snelle berry+ingredient verzamelaar
A64: Eevee | B64: 8 | C64: Normal | D64: Berry | E64: Ingredient Finder S | F64: Skill Trigger S | G64: Neutral | H64: Neutral | I64: 3 | J64: Sylveon (skill) of Jolteon (berry) = top evoluties; Neutrale nature = ok maar niet ideaal
A65: Igglybuff | B65: 6 | C65: Fairy | D65: Berry | E65: Inventory Up M | F65: Inventory Up S | G65: Speed of Help | H65: EXP Gains | I65: 4 | J65: Evolve → Wigglytuff = Energy for Everyone S (top skill!); Perfecte nature voor Berry team!
A66: Mareep | B66: 6 | C66: Electric | D66: Berry | E66: Skill Trigger M | F66: Inventory Up S | G66: Speed of Help | H66: Energy Recovery | I66: 4 | J66: Evolve → Ampharos = hoge frequentie + waardevolle ingrediënten; Perfecte nature voor Berry team!
A67: Latias | B67: 18 | C67: Dragon | D67: Skill | E67: Sleep EXP Bonus | F67: Skill Level Up S | G67: Neutral | H67: Neutral | I67: 3.5 | J67: Neutrale nature = ok maar niet ideaal
A68: Wobbuffet | B68: 10 | C68: Psychic | D68: Skill | E68: Skill Trigger S | F68: Helping Speed S | G68: Neutral | H68: Neutral | I68: 3.5 | J68: Neutrale nature = ok maar niet ideaal
A69: Treecko | B69: 9 | C69: Grass | D69: Ingredient | E69: Skill Trigger S | F69: Research EXP Bonus | G69: Ingredient Finding | H69: Main Skill Chance | I69: 4.5 | J69: Perfecte nature voor Ingredient team!
A70: Wynaut | B70: 8 | C70: Psychic | D70: Ingredient | E70: Inventory Up L | F70: Berry Finding S | G70: Main Skill Chance | H70: EXP Gains | I70: 3
A78: ❌ TRANSFER — Stuur naar Professor Neroli voor candy
A79: Pokémon | B79: Lvl. | C79: Type | D79: Team | E79: Skill L10 | F79: Skill L25 | G79: Nature + | H79: Nature − | I79: Score | J79: Waarom transferren?
A80: {=IFERROR(_xlfn._xlws.FILTER(CHOOSE({1,2,3,4,5,6,7,8,9,10}, Data!A2:A200, Data!B2:B200, Data!C2:C200, Data!S2:S200, Data!H2:H200, Data!I2:I200, Data!N2:N200, Data!O2:O200, Data!T2:T200, Data!V2:V200), Data!U2:U200="❌ Transfer"), "")} -> Pichu | B80: 6 | C80: Electric | D80: Berry | E80: Inventory Up S | F80: Inventory Up L | G80: Energy Recovery | H80: Ingredient Finding | I80: 2 | J80: Evolve → Pikachu → Raichu (top berry)
A81: Slowpoke | B81: 9 | C81: Water | D81: Berry | E81: Ingredient Finder S | F81: Helping Speed S | G81: EXP Gains | H81: Ingredient Finding | I81: 2
A82: Slowpoke | B82: 5 | C82: Water | D82: Ingredient | E82: Skill Trigger S | F82: Ingredient Finder S | G82: Energy Recovery | H82: Speed of Help | I82: 2.5
A83: Geodude | B83: 8 | C83: Rock | D83: Ingredient | E83: Inventory Up S | F83: Helping Speed S | G83: Neutral | H83: Neutral | I83: 2.5 | J83: Neutrale nature = ok maar niet ideaal
A84: Slowpoke | B84: 6 | C84: Water | D84: Ingredient | E84: Skill Trigger S | F84: Ingredient Finder S | G84: Neutral | H84: Neutral | I84: 2.5 | J84: Neutrale nature = ok maar niet ideaal

Sheet Referentie
A1: Type | B1: Berry | D1: Ingredienten | E1: Skills | F1: Rarity | G1: Nature | H1: Positive | I1: Negative | K1: Pokemon
A2: Normal | B2: Persim | D2: Fancy Apple | E2: Berry Finding S | F2: Gold | G2: Mild | H2: Ingredient Finding | I2: Energy Recovery | K2: Bulbasaur
A3: Fire | B3: Leppa | D3: Greengrass Soybeans | E3: Helping Bonus | F3: Gold | G3: Hasty | H3: EXP Gains | I3: Energy Recovery | K3: Ivysaur
A4: Water | B4: Oran | D4: Snoozy Tomato | E4: Sleep EXP Bonus | F4: Gold | G4: Timid | H4: EXP Gains | I4: Speed of Help | K4: Venusaur
A5: Grass | B5: Durin | D5: Soft Potato | E5: Skill Level Up M | F5: Gold | G5: Sassy | H5: Main Skill Chance | I5: EXP Gains | K5: Charmander
A6: Electric | B6: Grepa | D6: Fiery Herb | E6: Research EXP Bonus | F6: Gold | G6: Jolly | H6: EXP Gains | I6: Ingredient Finding | K6: Charmeleon
A7: Ice | B7: Rawst | D7: Bean Sausage | E7: Energy Recovery Bonus | F7: Gold | G7: Careful | H7: Main Skill Chance | I7: Ingredient Finding | K7: Charizard
A8: Fighting | B8: Cheri | D8: Honey | E8: Dream Shard Bonus | F8: Gold | G8: Gentle | H8: Main Skill Chance | I8: Energy Recovery | K8: Squirtle
A9: Poison | B9: Chesto | D9: Moomoo Milk | E9: Skill Trigger M | F9: Blue | G9: Calm | H9: Main Skill Chance | I9: Speed of Help | K9: Wartortle
A10: Ground | B10: Figy | D10: Fancy Egg | E10: Skill Level Up S | F10: Blue | G10: Quiet | H10: Ingredient Finding | I10: EXP Gains | K10: Blastoise
A11: Flying | B11: Lum | D11: Pure Oil | E11: Inventory Up M | F11: Blue | G11: Rash | H11: Ingredient Finding | I11: Main Skill Chance | K11: Caterpie
A12: Psychic | B12: Mago | D12: Warming Ginger | E12: Inventory Up L | F12: Blue | G12: Naive | H12: EXP Gains | I12: Main Skill Chance | K12: Metapod
... A18: Steel | B18: Belue | D18: Greengrass Corn | E18: Helping Speed S | F18: White | G18: Brave | H18: Speed of Help | I18: EXP Gains | K18: Pikachu
A19: Fairy | B19: Pecha | D19: Glossy Avocado | G19: Naughty | H19: Speed of Help | I19: Main Skill Chance | K19: Pikachu (Halloween)
D20: Plump Pumpkin | G20: Adamant | H20: Speed of Help | I20: Ingredient Finding | K20: Pikachu (Holiday)
G21: Lonely | H21: Speed of Help | I21: Energy Recovery | K21: Raichu
G22: Serious | H22: Neutral | I22: Neutral | K22: Clefairy
G23: Hardy | H23: Neutral | I23: Neutral | K23: Clefable
G24: Quirky | H24: Neutral | I24: Neutral | K24: Vulpix
G25: Bashful | H25: Neutral | I25: Neutral | K25: Alolan Vulpix
G26: Docile | H26: Neutral | I26: Neutral | K26: Ninetales
K27: Alolan Ninetales
K28: Jigglypuff
K29: Wigglytuff
K30: Diglett
K31: Dugtrio
K32: Meowth
K33: Persian
K34: Psyduck
K35: Golduck
K36: Mankey
K37: Primeape
K38: Growlithe
... K220: Latias

Sheet Helper_Ingredient
A1: Kookcategorie: | B1: Curries/Stews
N2: Curries/Stews | O2: Salads | P2: Desserts/Drinks
N3: Bean Sausage | O3: Pure Oil | P3: Honey
N4: Moomoo Milk | O4: Bean Sausage | P4: Moomoo Milk
N5: Snoozy Tomato | O5: Snoozy Tomato | P5: Fancy Apple
N6: Fiery Herb | O6: Fancy Egg | P6: Soothing Cacao
N7: Honey | O7: Greengrass Corn | P7: Warming Ginger
N8: Soft Potato | O8: Warming Ginger | P8: Fancy Egg
N9: Greengrass Soybeans | O9: Tasty Mushroom | P9: Pure Oil
N10: Large Leek | O10: Greengrass Soybeans | P10: Greengrass Soybeans
N11: Warming Ginger | O11: Moomoo Milk | P11: Rousing Coffee
N12: Tasty Mushroom | O12: Fancy Apple | P12: Greengrass Corn
N13: Greengrass Corn | O13: Fiery Herb | P13: Snoozy Tomato
... N19: Fancy Egg | O19: Large Leek | P19: Soft Potato
N20: Pure Oil | O20: Honey
